﻿<?xml version="1.0" encoding="utf-8"?><toc><breadcrumbs><li><a href="d75eb659-6335-53f6-af7a-81814a21ab7f.htm">Docs</a></li><li><a href="d75eb659-6335-53f6-af7a-81814a21ab7f.htm">mediatek<wbr />86</a></li></breadcrumbs><tocItems><li><a id="c985736b-8883-c050-8660-60c01e08e550" class="has-submenu" href="c985736b-8883-c050-8660-60c01e08e550.htm"><span data-tocFile="../toc/IDAA.xml" class="icon toggle" onclick="ToggleExpandCollapse(this); return false;"><i class="fa fa-angle-right"> </i></span>mediatek<wbr />86</a><ul class="toc-menu is-hidden"> </ul></li><li><a id="4ef7e531-4b9b-cf6b-2dff-56cf830489db" class="has-submenu" href="4ef7e531-4b9b-cf6b-2dff-56cf830489db.htm"><span data-tocFile="../toc/IDBA.xml" class="icon toggle" onclick="ToggleExpandCollapse(this); return false;"><i class="fa fa-angle-right"> </i></span>mediatek<wbr />86.<wbr />bddmanager</a><ul class="toc-menu is-hidden"> </ul></li><li><a id="da7c9213-a3aa-3573-d177-bd317e01593a" class="has-submenu" href="da7c9213-a3aa-3573-d177-bd317e01593a.htm"><span data-tocFile="../toc/IDCA.xml" class="icon toggle" onclick="ToggleExpandCollapse(this); return false;"><i class="fa fa-angle-right"> </i></span>mediatek<wbr />86.<wbr />controller</a><ul class="toc-menu is-hidden"> </ul></li><li><a id="08100d5b-2599-e33b-f95f-a98713a410d6" class="has-submenu" href="08100d5b-2599-e33b-f95f-a98713a410d6.htm"><span data-tocFile="../toc/IDDA.xml" class="icon toggle" onclick="ToggleExpandCollapse(this); return false;"><i class="fa fa-angle-right"> </i></span>mediatek<wbr />86.<wbr />dal</a><ul class="toc-menu is-hidden"> </ul></li><li><a id="b49ae6d3-9538-b6ac-acd7-8fe6b78500c8" class="has-submenu" href="b49ae6d3-9538-b6ac-acd7-8fe6b78500c8.htm"><span data-tocFile="../toc/IDEA.xml" class="icon toggle" onclick="ToggleExpandCollapse(this); return false;"><i class="fa fa-angle-right"> </i></span>mediatek<wbr />86.<wbr />model</a><ul class="toc-menu is-hidden"> </ul></li><li><a id="00b62050-2829-3fc3-defd-69417493f299" class="has-submenu" href="00b62050-2829-3fc3-defd-69417493f299.htm"><span data-tocFile="../toc/IDFA.xml" class="icon toggle" onclick="ToggleExpandCollapse(this); return false;"><i class="fa fa-angle-right"> </i></span>mediatek<wbr />86.<wbr />view</a><ul class="toc-menu is-hidden"> </ul></li></tocItems></toc>