﻿<?xml version="1.0" encoding="utf-8"?><toc><breadcrumbs><li><a href="d75eb659-6335-53f6-af7a-81814a21ab7f.htm">Docs</a></li><li><a href="d75eb659-6335-53f6-af7a-81814a21ab7f.htm">mediatek<wbr />86</a></li><li><a href="c985736b-8883-c050-8660-60c01e08e550.htm">mediatek<wbr />86</a></li></breadcrumbs><tocItems><li><a id="08bab887-af92-881a-d91c-871bef663498" class="has-submenu" href="08bab887-af92-881a-d91c-871bef663498.htm"><span data-tocFile="../toc/IDAAA.xml" class="icon toggle" onclick="ToggleExpandCollapse(this); return false;"><i class="fa fa-angle-right"> </i></span>Frm<wbr />Mediatek<wbr />86</a><ul class="toc-menu is-hidden"> </ul></li><li><a id="a1f12741-7cc5-8b94-545a-92eabb970115" class="has-submenu" href="a1f12741-7cc5-8b94-545a-92eabb970115.htm"><span data-tocFile="../toc/IDBAA.xml" class="icon toggle" onclick="ToggleExpandCollapse(this); return false;"><i class="fa fa-angle-right"> </i></span>Namespace<wbr />Doc</a><ul class="toc-menu is-hidden"> </ul></li><li><a id="bd169a8f-ecee-531a-e27f-e52223e32712" class="has-submenu" href="bd169a8f-ecee-531a-e27f-e52223e32712.htm"><span data-tocFile="../toc/IDCAA.xml" class="icon toggle" onclick="ToggleExpandCollapse(this); return false;"><i class="fa fa-angle-right"> </i></span>Program</a><ul class="toc-menu is-hidden"> </ul></li></tocItems></toc>