﻿<?xml version="1.0" encoding="utf-8"?><toc><breadcrumbs><li><a href="d75eb659-6335-53f6-af7a-81814a21ab7f.htm">Docs</a></li><li><a href="d75eb659-6335-53f6-af7a-81814a21ab7f.htm">mediatek<wbr />86</a></li><li><a href="c985736b-8883-c050-8660-60c01e08e550.htm">mediatek<wbr />86</a></li><li><a href="08bab887-af92-881a-d91c-871bef663498.htm">Frm<wbr />Mediatek<wbr />86</a></li></breadcrumbs><tocItems><li><a id="73ee0a24-107e-532b-b2d1-f616f792ee9f" href="73ee0a24-107e-532b-b2d1-f616f792ee9f.htm">Constructor</a></li><li><a id="0046ef06-e2a6-6149-74eb-784a358ff0a4" href="0046ef06-e2a6-6149-74eb-784a358ff0a4.htm">Properties</a></li><li><a id="c6285d1c-0b28-46a4-9f21-465e50d9abc5" class="has-submenu" href="c6285d1c-0b28-46a4-9f21-465e50d9abc5.htm"><span data-tocFile="../toc/IDCAAA.xml" class="icon toggle" onclick="ToggleExpandCollapse(this); return false;"><i class="fa fa-angle-right"> </i></span>Methods</a><ul class="toc-menu is-hidden"> </ul></li><li><a id="fbf5b8cd-81e1-9567-83bd-e988d898ee99" href="fbf5b8cd-81e1-9567-83bd-e988d898ee99.htm">Events</a></li><li><a id="9dd83b74-57e3-7873-092d-6b5e61979469" class="has-submenu" href="9dd83b74-57e3-7873-092d-6b5e61979469.htm"><span data-tocFile="../toc/IDEAAA.xml" class="icon toggle" onclick="ToggleExpandCollapse(this); return false;"><i class="fa fa-angle-right"> </i></span>Fields</a><ul class="toc-menu is-hidden"> </ul></li></tocItems></toc>