﻿<?xml version="1.0" encoding="utf-8"?><toc><breadcrumbs><li><a href="d75eb659-6335-53f6-af7a-81814a21ab7f.htm">Docs</a></li><li><a href="d75eb659-6335-53f6-af7a-81814a21ab7f.htm">mediatek<wbr />86</a></li><li><a href="4ef7e531-4b9b-cf6b-2dff-56cf830489db.htm">mediatek<wbr />86.<wbr />bddmanager</a></li><li><a href="205e2c0b-eece-8c97-4f00-d11e4edb6b9c.htm">Bdd<wbr />Manager</a></li></breadcrumbs><tocItems><li><a id="7041dbd7-a390-1092-44b4-a267302f8a8b" href="7041dbd7-a390-1092-44b4-a267302f8a8b.htm">Constructor</a></li><li><a id="44c70811-e8ac-2eec-54d0-3507177e38b6" class="has-submenu" href="44c70811-e8ac-2eec-54d0-3507177e38b6.htm"><span data-tocFile="../toc/IDBABA.xml" class="icon toggle" onclick="ToggleExpandCollapse(this); return false;"><i class="fa fa-angle-right"> </i></span>Methods</a><ul class="toc-menu is-hidden"> </ul></li><li><a id="b0f2a75f-b694-1104-304a-fbf18bca617e" class="has-submenu" href="b0f2a75f-b694-1104-304a-fbf18bca617e.htm"><span data-tocFile="../toc/IDCABA.xml" class="icon toggle" onclick="ToggleExpandCollapse(this); return false;"><i class="fa fa-angle-right"> </i></span>Fields</a><ul class="toc-menu is-hidden"> </ul></li></tocItems></toc>