﻿<?xml version="1.0" encoding="utf-8"?><toc><breadcrumbs><li><a href="d75eb659-6335-53f6-af7a-81814a21ab7f.htm">Docs</a></li><li><a href="d75eb659-6335-53f6-af7a-81814a21ab7f.htm">mediatek<wbr />86</a></li><li><a href="da7c9213-a3aa-3573-d177-bd317e01593a.htm">mediatek<wbr />86.<wbr />controller</a></li><li><a href="7bf78e7d-ff16-1d5e-8332-3ba14975bb2e.htm">Frm<wbr />Connexion<wbr />Controller</a></li></breadcrumbs><tocItems><li><a id="dc62af56-215b-cdb7-9478-0d84ba3fd71c" href="dc62af56-215b-cdb7-9478-0d84ba3fd71c.htm">Constructor</a></li><li><a id="b7918b26-e9e3-1ed0-1470-7533d43cda43" class="has-submenu" href="b7918b26-e9e3-1ed0-1470-7533d43cda43.htm"><span data-tocFile="../toc/IDBACA.xml" class="icon toggle" onclick="ToggleExpandCollapse(this); return false;"><i class="fa fa-angle-right"> </i></span>Methods</a><ul class="toc-menu is-hidden"> </ul></li><li><a id="f83b9b12-3d92-8f5e-bc93-bb9c66a5cfa2" class="has-submenu" href="f83b9b12-3d92-8f5e-bc93-bb9c66a5cfa2.htm"><span data-tocFile="../toc/IDCACA.xml" class="icon toggle" onclick="ToggleExpandCollapse(this); return false;"><i class="fa fa-angle-right"> </i></span>Fields</a><ul class="toc-menu is-hidden"> </ul></li></tocItems></toc>