﻿<?xml version="1.0" encoding="utf-8"?><toc><breadcrumbs><li><a href="d75eb659-6335-53f6-af7a-81814a21ab7f.htm">Docs</a></li><li><a href="d75eb659-6335-53f6-af7a-81814a21ab7f.htm">mediatek<wbr />86</a></li><li><a href="b49ae6d3-9538-b6ac-acd7-8fe6b78500c8.htm">mediatek<wbr />86.<wbr />model</a></li><li><a href="02ad3d6a-72a9-e733-66ff-bd325e92e567.htm">Absence</a></li></breadcrumbs><tocItems><li><a id="bfa1bc44-efb4-3953-405f-ebf52fcf6463" href="bfa1bc44-efb4-3953-405f-ebf52fcf6463.htm">Constructor</a></li><li><a id="536f43ca-ec46-b638-626f-5e193a6c2dc6" class="has-submenu" href="536f43ca-ec46-b638-626f-5e193a6c2dc6.htm"><span data-tocFile="../toc/IDBAEA.xml" class="icon toggle" onclick="ToggleExpandCollapse(this); return false;"><i class="fa fa-angle-right"> </i></span>Properties</a><ul class="toc-menu is-hidden"> </ul></li><li><a id="0c63b65b-6245-6700-672f-8b31f8867213" href="0c63b65b-6245-6700-672f-8b31f8867213.htm">Methods</a></li></tocItems></toc>