﻿<?xml version="1.0" encoding="utf-8"?><toc><breadcrumbs><li><a href="d75eb659-6335-53f6-af7a-81814a21ab7f.htm">Docs</a></li><li><a href="d75eb659-6335-53f6-af7a-81814a21ab7f.htm">mediatek<wbr />86</a></li><li><a href="00b62050-2829-3fc3-defd-69417493f299.htm">mediatek<wbr />86.<wbr />view</a></li><li><a href="0d2db7d9-311f-08ba-d78d-1ec872dec5be.htm">Frm<wbr />Connexion</a></li></breadcrumbs><tocItems><li><a id="e0b423c8-4aa8-6ea2-ac69-9a633b717c1e" href="e0b423c8-4aa8-6ea2-ac69-9a633b717c1e.htm">Constructor</a></li><li><a id="e5a72189-0d16-1df4-d3b3-73aa8f262a62" href="e5a72189-0d16-1df4-d3b3-73aa8f262a62.htm">Properties</a></li><li><a id="dccf823a-f54c-c242-9350-560cd2a4487c" class="has-submenu" href="dccf823a-f54c-c242-9350-560cd2a4487c.htm"><span data-tocFile="../toc/IDCAFA.xml" class="icon toggle" onclick="ToggleExpandCollapse(this); return false;"><i class="fa fa-angle-right"> </i></span>Methods</a><ul class="toc-menu is-hidden"> </ul></li><li><a id="7897d4aa-60ad-0299-53e5-a119e2a869ee" href="7897d4aa-60ad-0299-53e5-a119e2a869ee.htm">Events</a></li><li><a id="350aa267-30a2-e325-9acc-0377ab02255e" class="has-submenu" href="350aa267-30a2-e325-9acc-0377ab02255e.htm"><span data-tocFile="../toc/IDEAFA.xml" class="icon toggle" onclick="ToggleExpandCollapse(this); return false;"><i class="fa fa-angle-right"> </i></span>Fields</a><ul class="toc-menu is-hidden"> </ul></li></tocItems></toc>