﻿<?xml version="1.0" encoding="utf-8"?><toc><breadcrumbs><li><a href="d75eb659-6335-53f6-af7a-81814a21ab7f.htm">Docs</a></li><li><a href="d75eb659-6335-53f6-af7a-81814a21ab7f.htm">mediatek<wbr />86</a></li><li><a href="08100d5b-2599-e33b-f95f-a98713a410d6.htm">mediatek<wbr />86.<wbr />dal</a></li><li><a href="f6e34000-9d6a-51db-c7b3-0f53f34217e2.htm">Absence<wbr />Access</a></li><li><a href="71eb5422-9a99-7a8d-8198-427c1772a2b1.htm">Methods</a></li></breadcrumbs><tocItems><li><a id="fa55c77d-7bed-a575-c9f4-247a7e6cefc9" href="fa55c77d-7bed-a575-c9f4-247a7e6cefc9.htm">Add<wbr />Absence</a></li><li><a id="598048ae-7e4b-02c5-e15e-0ef2866f7185" href="598048ae-7e4b-02c5-e15e-0ef2866f7185.htm">Del<wbr />Absence</a></li><li><a id="057cc8df-7a24-8ea6-9066-c49b13f69f32" href="057cc8df-7a24-8ea6-9066-c49b13f69f32.htm">Get<wbr />Les<wbr />Absences</a></li><li><a id="a2614de9-26c3-2630-b486-1e478e8d3c6d" href="a2614de9-26c3-2630-b486-1e478e8d3c6d.htm">Update<wbr />Absence</a></li></tocItems></toc>