﻿<?xml version="1.0" encoding="utf-8"?><toc><breadcrumbs><li><a href="d75eb659-6335-53f6-af7a-81814a21ab7f.htm">Docs</a></li><li><a href="d75eb659-6335-53f6-af7a-81814a21ab7f.htm">mediatek<wbr />86</a></li><li><a href="b49ae6d3-9538-b6ac-acd7-8fe6b78500c8.htm">mediatek<wbr />86.<wbr />model</a></li><li><a href="02ad3d6a-72a9-e733-66ff-bd325e92e567.htm">Absence</a></li><li><a href="536f43ca-ec46-b638-626f-5e193a6c2dc6.htm">Properties</a></li></breadcrumbs><tocItems><li><a id="b5132271-0663-25a5-cc5d-bbf83eb58602" href="b5132271-0663-25a5-cc5d-bbf83eb58602.htm">Datedebut</a></li><li><a id="2ed01afe-774a-7522-3c3c-024431f7d046" href="2ed01afe-774a-7522-3c3c-024431f7d046.htm">Datefin</a></li><li><a id="59f2d397-43ac-62a1-e7c3-da6f58a8981a" href="59f2d397-43ac-62a1-e7c3-da6f58a8981a.htm">Idpersonnel</a></li><li><a id="2f63ea73-14ed-b4f8-cbd1-b71becf3eaa7" href="2f63ea73-14ed-b4f8-cbd1-b71becf3eaa7.htm">Motif</a></li></tocItems></toc>