﻿<?xml version="1.0" encoding="utf-8"?><toc><breadcrumbs><li><a href="d75eb659-6335-53f6-af7a-81814a21ab7f.htm">Docs</a></li><li><a href="d75eb659-6335-53f6-af7a-81814a21ab7f.htm">mediatek<wbr />86</a></li><li><a href="c985736b-8883-c050-8660-60c01e08e550.htm">mediatek<wbr />86</a></li><li><a href="a1f12741-7cc5-8b94-545a-92eabb970115.htm">Namespace<wbr />Doc</a></li></breadcrumbs><tocItems><li><a id="087f5c7e-506d-0be3-fe46-d7d01cdd2e7a" href="087f5c7e-506d-0be3-fe46-d7d01cdd2e7a.htm">Constructor</a></li><li><a id="7de809f8-5d30-01a3-4ccf-1d5387ac8374" href="7de809f8-5d30-01a3-4ccf-1d5387ac8374.htm">Methods</a></li></tocItems></toc>