﻿<?xml version="1.0" encoding="utf-8"?><toc><breadcrumbs><li><a href="d75eb659-6335-53f6-af7a-81814a21ab7f.htm">Docs</a></li><li><a href="d75eb659-6335-53f6-af7a-81814a21ab7f.htm">mediatek<wbr />86</a></li><li><a href="da7c9213-a3aa-3573-d177-bd317e01593a.htm">mediatek<wbr />86.<wbr />controller</a></li><li><a href="7bf78e7d-ff16-1d5e-8332-3ba14975bb2e.htm">Frm<wbr />Connexion<wbr />Controller</a></li><li><a href="b7918b26-e9e3-1ed0-1470-7533d43cda43.htm">Methods</a></li></breadcrumbs><tocItems><li><a id="5da4ae16-3f08-c0b6-fd83-3211cb4bc74c" href="5da4ae16-3f08-c0b6-fd83-3211cb4bc74c.htm">Controle<wbr />Connexion</a></li></tocItems></toc>