﻿<?xml version="1.0" encoding="utf-8"?><toc><breadcrumbs><li><a href="d75eb659-6335-53f6-af7a-81814a21ab7f.htm">Docs</a></li><li><a href="d75eb659-6335-53f6-af7a-81814a21ab7f.htm">mediatek<wbr />86</a></li><li><a href="da7c9213-a3aa-3573-d177-bd317e01593a.htm">mediatek<wbr />86.<wbr />controller</a></li><li><a href="605919a2-3465-1dac-e5ee-6b4907b23512.htm">Frm<wbr />Mediatek<wbr />86Controller</a></li><li><a href="b36a3cdc-b08d-576d-cc97-0418672a74e4.htm">Methods</a></li></breadcrumbs><tocItems><li><a id="0fbd47df-e703-30ab-edd6-514c8c2405cb" href="0fbd47df-e703-30ab-edd6-514c8c2405cb.htm">Add<wbr />Absence</a></li><li><a id="beb72486-1914-3cb0-3aa9-ace00978faeb" href="beb72486-1914-3cb0-3aa9-ace00978faeb.htm">Add<wbr />Personnel</a></li><li><a id="66a79b97-d779-07f6-c4f6-c93e6d6fb5db" href="66a79b97-d779-07f6-c4f6-c93e6d6fb5db.htm">Del<wbr />Absence</a></li><li><a id="7e4eb7d5-7780-0a65-0832-bc81c539ca07" href="7e4eb7d5-7780-0a65-0832-bc81c539ca07.htm">Del<wbr />Absences<wbr />Personnel</a></li><li><a id="cd609ec1-535b-d768-de12-9197b8274833" href="cd609ec1-535b-d768-de12-9197b8274833.htm">Del<wbr />Personnel</a></li><li><a id="2fb341f7-210b-a2ca-3752-0cf1be3b6132" href="2fb341f7-210b-a2ca-3752-0cf1be3b6132.htm">Get<wbr />Le<wbr />Personnel</a></li><li><a id="a2a8e41c-b0f3-01da-9e9f-c69f816eabfb" href="a2a8e41c-b0f3-01da-9e9f-c69f816eabfb.htm">Get<wbr />Les<wbr />Absences</a></li><li><a id="f4374d65-1706-40b7-bb5b-2823c424b42a" href="f4374d65-1706-40b7-bb5b-2823c424b42a.htm">Get<wbr />Les<wbr />Motifs</a></li><li><a id="eb27c726-fa61-57f1-2253-8174bcbb08e4" href="eb27c726-fa61-57f1-2253-8174bcbb08e4.htm">Get<wbr />Les<wbr />Services</a></li><li><a id="259bd53f-523c-3b1a-7bc8-8b91f2436cee" href="259bd53f-523c-3b1a-7bc8-8b91f2436cee.htm">Update<wbr />Absence</a></li><li><a id="54d73a2a-ead0-31e6-ac7e-40a2f997f2ea" href="54d73a2a-ead0-31e6-ac7e-40a2f997f2ea.htm">Update<wbr />Personnel</a></li></tocItems></toc>