﻿<?xml version="1.0" encoding="utf-8"?><toc><breadcrumbs><li><a href="d75eb659-6335-53f6-af7a-81814a21ab7f.htm">Docs</a></li><li><a href="d75eb659-6335-53f6-af7a-81814a21ab7f.htm">mediatek<wbr />86</a></li><li><a href="4ef7e531-4b9b-cf6b-2dff-56cf830489db.htm">mediatek<wbr />86.<wbr />bddmanager</a></li><li><a href="8c219813-d4a6-0cbe-a479-88d76c33b7f9.htm">Namespace<wbr />Doc</a></li></breadcrumbs><tocItems><li><a id="219f48e3-f94d-5a21-72cc-53693fac3ce1" href="219f48e3-f94d-5a21-72cc-53693fac3ce1.htm">Constructor</a></li><li><a id="a99e6ee4-3036-65e8-8a22-4294448c0bd1" href="a99e6ee4-3036-65e8-8a22-4294448c0bd1.htm">Methods</a></li></tocItems></toc>