﻿<?xml version="1.0" encoding="utf-8"?><toc><breadcrumbs><li><a href="d75eb659-6335-53f6-af7a-81814a21ab7f.htm">Docs</a></li><li><a href="d75eb659-6335-53f6-af7a-81814a21ab7f.htm">mediatek<wbr />86</a></li><li><a href="b49ae6d3-9538-b6ac-acd7-8fe6b78500c8.htm">mediatek<wbr />86.<wbr />model</a></li><li><a href="f62c18f7-0e0d-9e34-727e-b027d57c4ef6.htm">Motif</a></li><li><a href="62daf273-0650-5891-0bea-b67faaf275f3.htm">Properties</a></li></breadcrumbs><tocItems><li><a id="629b24a6-fbb5-f2ce-886c-eec6d1bbced8" href="629b24a6-fbb5-f2ce-886c-eec6d1bbced8.htm">Idmotif</a></li><li><a id="5550f437-bfd7-bbfb-f092-3863b4dd693b" href="5550f437-bfd7-bbfb-f092-3863b4dd693b.htm">Libelle</a></li></tocItems></toc>