﻿<?xml version="1.0" encoding="utf-8"?><toc><breadcrumbs><li><a href="d75eb659-6335-53f6-af7a-81814a21ab7f.htm">Docs</a></li><li><a href="d75eb659-6335-53f6-af7a-81814a21ab7f.htm">mediatek<wbr />86</a></li><li><a href="00b62050-2829-3fc3-defd-69417493f299.htm">mediatek<wbr />86.<wbr />view</a></li><li><a href="0d2db7d9-311f-08ba-d78d-1ec872dec5be.htm">Frm<wbr />Connexion</a></li><li><a href="dccf823a-f54c-c242-9350-560cd2a4487c.htm">Methods</a></li><li><a href="ffed849b-d219-31ec-2a14-75e0e205ecee.htm">Dispose</a></li></breadcrumbs><tocItems><li><a id="756cf238-011b-fe6a-a25f-14cb8185b956" href="756cf238-011b-fe6a-a25f-14cb8185b956.htm">Dispose(<wbr />Boolean)</a></li></tocItems></toc>