﻿<?xml version="1.0" encoding="utf-8"?><toc><breadcrumbs><li><a href="d75eb659-6335-53f6-af7a-81814a21ab7f.htm">Docs</a></li><li><a href="d75eb659-6335-53f6-af7a-81814a21ab7f.htm">mediatek<wbr />86</a></li><li><a href="08100d5b-2599-e33b-f95f-a98713a410d6.htm">mediatek<wbr />86.<wbr />dal</a></li><li><a href="57f3fa23-4e13-632c-583f-53234d246fe6.htm">Motif<wbr />Access</a></li><li><a href="ae4c4a1b-5198-f7ba-06dc-97f6483d3a61.htm">Methods</a></li></breadcrumbs><tocItems><li><a id="a7a3eb7a-9601-a605-e0ab-00ec0e333138" href="a7a3eb7a-9601-a605-e0ab-00ec0e333138.htm">Get<wbr />Les<wbr />Motifs</a></li></tocItems></toc>