﻿<?xml version="1.0" encoding="utf-8"?><toc><breadcrumbs><li><a href="d75eb659-6335-53f6-af7a-81814a21ab7f.htm">Docs</a></li><li><a href="d75eb659-6335-53f6-af7a-81814a21ab7f.htm">mediatek<wbr />86</a></li><li><a href="da7c9213-a3aa-3573-d177-bd317e01593a.htm">mediatek<wbr />86.<wbr />controller</a></li><li><a href="605919a2-3465-1dac-e5ee-6b4907b23512.htm">Frm<wbr />Mediatek<wbr />86Controller</a></li></breadcrumbs><tocItems><li><a id="6df35f45-a23d-b300-21bb-2b621547c1bb" href="6df35f45-a23d-b300-21bb-2b621547c1bb.htm">Constructor</a></li><li><a id="b36a3cdc-b08d-576d-cc97-0418672a74e4" class="has-submenu" href="b36a3cdc-b08d-576d-cc97-0418672a74e4.htm"><span data-tocFile="../toc/IDBBCA.xml" class="icon toggle" onclick="ToggleExpandCollapse(this); return false;"><i class="fa fa-angle-right"> </i></span>Methods</a><ul class="toc-menu is-hidden"> </ul></li><li><a id="679867bd-1ea0-99fa-e6e4-6c9f3a7cec47" class="has-submenu" href="679867bd-1ea0-99fa-e6e4-6c9f3a7cec47.htm"><span data-tocFile="../toc/IDCBCA.xml" class="icon toggle" onclick="ToggleExpandCollapse(this); return false;"><i class="fa fa-angle-right"> </i></span>Fields</a><ul class="toc-menu is-hidden"> </ul></li></tocItems></toc>