﻿<?xml version="1.0" encoding="utf-8"?><toc><breadcrumbs><li><a href="d75eb659-6335-53f6-af7a-81814a21ab7f.htm">Docs</a></li><li><a href="d75eb659-6335-53f6-af7a-81814a21ab7f.htm">mediatek<wbr />86</a></li><li><a href="b49ae6d3-9538-b6ac-acd7-8fe6b78500c8.htm">mediatek<wbr />86.<wbr />model</a></li><li><a href="e7a25013-e309-421a-c3ad-72bc97acbdbc.htm">Personnel</a></li><li><a href="c7f0ff04-c058-f43a-0cf2-40a3cfcc7109.htm">Properties</a></li></breadcrumbs><tocItems><li><a id="22003172-4efd-8601-3d04-7003b37c4185" href="22003172-4efd-8601-3d04-7003b37c4185.htm">Idpersonnel</a></li><li><a id="4c762512-2b38-71b9-d053-c4873758d219" href="4c762512-2b38-71b9-d053-c4873758d219.htm">Mail</a></li><li><a id="7b03b0aa-0cba-b7c0-751e-6fd7b7c68139" href="7b03b0aa-0cba-b7c0-751e-6fd7b7c68139.htm">Nom</a></li><li><a id="77e3f03a-4051-992a-44ff-32a00084f2d9" href="77e3f03a-4051-992a-44ff-32a00084f2d9.htm">Prenom</a></li><li><a id="c1260d2b-c565-1396-577c-a203d506cf58" href="c1260d2b-c565-1396-577c-a203d506cf58.htm">Service</a></li><li><a id="83a768e7-6f12-5691-b3e5-4681063b5ad7" href="83a768e7-6f12-5691-b3e5-4681063b5ad7.htm">Tel</a></li></tocItems></toc>