﻿<?xml version="1.0" encoding="utf-8"?><toc><breadcrumbs><li><a href="d75eb659-6335-53f6-af7a-81814a21ab7f.htm">Docs</a></li><li><a href="d75eb659-6335-53f6-af7a-81814a21ab7f.htm">mediatek<wbr />86</a></li><li><a href="b49ae6d3-9538-b6ac-acd7-8fe6b78500c8.htm">mediatek<wbr />86.<wbr />model</a></li><li><a href="d759beb3-19d1-00eb-4fe6-b53ff8eb623e.htm">Responsable</a></li><li><a href="128fdc23-9024-5eba-3a0b-07b8cc38233d.htm">Properties</a></li></breadcrumbs><tocItems><li><a id="3a79185e-e49f-ae6e-5257-1225d61af40e" href="3a79185e-e49f-ae6e-5257-1225d61af40e.htm">Login</a></li><li><a id="6a5a7bd4-0e0f-a5bf-f556-c2c4f62ec030" href="6a5a7bd4-0e0f-a5bf-f556-c2c4f62ec030.htm">Pwd</a></li></tocItems></toc>