﻿<?xml version="1.0" encoding="utf-8"?><toc><breadcrumbs><li><a href="d75eb659-6335-53f6-af7a-81814a21ab7f.htm">Docs</a></li><li><a href="d75eb659-6335-53f6-af7a-81814a21ab7f.htm">mediatek<wbr />86</a></li><li><a href="08100d5b-2599-e33b-f95f-a98713a410d6.htm">mediatek<wbr />86.<wbr />dal</a></li><li><a href="131a2ec4-a2a1-fc9c-2883-8020cd5785f7.htm">Personnel<wbr />Access</a></li><li><a href="47f14b18-ddc7-904f-694f-181310c4572d.htm">Methods</a></li></breadcrumbs><tocItems><li><a id="08085484-38fe-b5ed-6225-41b2f494ea81" href="08085484-38fe-b5ed-6225-41b2f494ea81.htm">Add<wbr />Personnel</a></li><li><a id="dc478b70-4a5b-db96-dec2-50ae80374d5c" href="dc478b70-4a5b-db96-dec2-50ae80374d5c.htm">Del<wbr />Absences<wbr />Personnel</a></li><li><a id="63691055-15d4-7e10-8150-90b6fdf223d0" href="63691055-15d4-7e10-8150-90b6fdf223d0.htm">Del<wbr />Personnel</a></li><li><a id="f45e24b0-7874-984e-ae5d-acdfee4c73d4" href="f45e24b0-7874-984e-ae5d-acdfee4c73d4.htm">Get<wbr />Le<wbr />Personnel</a></li><li><a id="9bafd5dd-65e8-a0d9-a64a-7c513c9bdf23" href="9bafd5dd-65e8-a0d9-a64a-7c513c9bdf23.htm">Update<wbr />Personnel</a></li></tocItems></toc>