﻿<?xml version="1.0" encoding="utf-8"?><toc><breadcrumbs><li><a href="d75eb659-6335-53f6-af7a-81814a21ab7f.htm">Docs</a></li><li><a href="d75eb659-6335-53f6-af7a-81814a21ab7f.htm">mediatek<wbr />86</a></li><li><a href="b49ae6d3-9538-b6ac-acd7-8fe6b78500c8.htm">mediatek<wbr />86.<wbr />model</a></li><li><a href="f62c18f7-0e0d-9e34-727e-b027d57c4ef6.htm">Motif</a></li></breadcrumbs><tocItems><li><a id="c1dbf33e-1d45-496f-24c2-549d5abdf641" href="c1dbf33e-1d45-496f-24c2-549d5abdf641.htm">Constructor</a></li><li><a id="62daf273-0650-5891-0bea-b67faaf275f3" class="has-submenu" href="62daf273-0650-5891-0bea-b67faaf275f3.htm"><span data-tocFile="../toc/IDBBEA.xml" class="icon toggle" onclick="ToggleExpandCollapse(this); return false;"><i class="fa fa-angle-right"> </i></span>Properties</a><ul class="toc-menu is-hidden"> </ul></li><li><a id="5d574ea1-5311-ab37-50e6-e68122e069b2" class="has-submenu" href="5d574ea1-5311-ab37-50e6-e68122e069b2.htm"><span data-tocFile="../toc/IDCBEA.xml" class="icon toggle" onclick="ToggleExpandCollapse(this); return false;"><i class="fa fa-angle-right"> </i></span>Methods</a><ul class="toc-menu is-hidden"> </ul></li></tocItems></toc>