﻿<?xml version="1.0" encoding="utf-8"?><toc><breadcrumbs><li><a href="d75eb659-6335-53f6-af7a-81814a21ab7f.htm">Docs</a></li><li><a href="d75eb659-6335-53f6-af7a-81814a21ab7f.htm">mediatek<wbr />86</a></li><li><a href="00b62050-2829-3fc3-defd-69417493f299.htm">mediatek<wbr />86.<wbr />view</a></li><li><a href="758ffab4-d05b-8979-b5b8-5063ce785917.htm">Namespace<wbr />Doc</a></li></breadcrumbs><tocItems><li><a id="7ebb060a-4ae4-7132-8616-1a139e94d731" href="7ebb060a-4ae4-7132-8616-1a139e94d731.htm">Constructor</a></li><li><a id="81771035-8a49-5950-6ea8-9365a6e5beaa" href="81771035-8a49-5950-6ea8-9365a6e5beaa.htm">Methods</a></li></tocItems></toc>