﻿<?xml version="1.0" encoding="utf-8"?><toc><breadcrumbs><li><a href="d75eb659-6335-53f6-af7a-81814a21ab7f.htm">Docs</a></li><li><a href="d75eb659-6335-53f6-af7a-81814a21ab7f.htm">mediatek<wbr />86</a></li><li><a href="08100d5b-2599-e33b-f95f-a98713a410d6.htm">mediatek<wbr />86.<wbr />dal</a></li><li><a href="91757df5-0749-96b1-4ae9-29483d510175.htm">Responsable<wbr />Access</a></li><li><a href="67a37188-6f7c-c571-a3dc-4a7d9a801b32.htm">Methods</a></li></breadcrumbs><tocItems><li><a id="e9d5f27e-6d0c-4e28-b2c9-cd1c251d2499" href="e9d5f27e-6d0c-4e28-b2c9-cd1c251d2499.htm">Controle<wbr />Connexion</a></li></tocItems></toc>