﻿<?xml version="1.0" encoding="utf-8"?><toc><breadcrumbs><li><a href="d75eb659-6335-53f6-af7a-81814a21ab7f.htm">Docs</a></li><li><a href="d75eb659-6335-53f6-af7a-81814a21ab7f.htm">mediatek<wbr />86</a></li><li><a href="b49ae6d3-9538-b6ac-acd7-8fe6b78500c8.htm">mediatek<wbr />86.<wbr />model</a></li><li><a href="3629b560-8f4f-bdb4-bee6-42337cabf8fe.htm">Service</a></li><li><a href="df324df8-40f6-5063-590c-f17575d7745b.htm">Properties</a></li></breadcrumbs><tocItems><li><a id="b0106190-7ff1-cb75-18fd-6212aef721d8" href="b0106190-7ff1-cb75-18fd-6212aef721d8.htm">Idservice</a></li><li><a id="af148597-b10d-1bcf-4cef-99b2e6924eb8" href="af148597-b10d-1bcf-4cef-99b2e6924eb8.htm">Nom</a></li></tocItems></toc>