﻿<?xml version="1.0" encoding="utf-8"?><toc><breadcrumbs><li><a href="d75eb659-6335-53f6-af7a-81814a21ab7f.htm">Docs</a></li><li><a href="d75eb659-6335-53f6-af7a-81814a21ab7f.htm">mediatek<wbr />86</a></li><li><a href="08100d5b-2599-e33b-f95f-a98713a410d6.htm">mediatek<wbr />86.<wbr />dal</a></li><li><a href="ab5cfe5c-a20b-6dca-d301-889a9b858b3e.htm">Service<wbr />Access</a></li><li><a href="a0350e2a-3021-7fee-2f91-e790ad72b624.htm">Methods</a></li></breadcrumbs><tocItems><li><a id="54b13aca-d0c7-977d-f80c-163d97f47415" href="54b13aca-d0c7-977d-f80c-163d97f47415.htm">Get<wbr />Les<wbr />Services</a></li></tocItems></toc>