﻿<?xml version="1.0" encoding="utf-8"?><toc><breadcrumbs><li><a href="d75eb659-6335-53f6-af7a-81814a21ab7f.htm">Docs</a></li><li><a href="d75eb659-6335-53f6-af7a-81814a21ab7f.htm">mediatek<wbr />86</a></li><li><a href="da7c9213-a3aa-3573-d177-bd317e01593a.htm">mediatek<wbr />86.<wbr />controller</a></li></breadcrumbs><tocItems><li><a id="7bf78e7d-ff16-1d5e-8332-3ba14975bb2e" class="has-submenu" href="7bf78e7d-ff16-1d5e-8332-3ba14975bb2e.htm"><span data-tocFile="../toc/IDACA.xml" class="icon toggle" onclick="ToggleExpandCollapse(this); return false;"><i class="fa fa-angle-right"> </i></span>Frm<wbr />Connexion<wbr />Controller</a><ul class="toc-menu is-hidden"> </ul></li><li><a id="605919a2-3465-1dac-e5ee-6b4907b23512" class="has-submenu" href="605919a2-3465-1dac-e5ee-6b4907b23512.htm"><span data-tocFile="../toc/IDBCA.xml" class="icon toggle" onclick="ToggleExpandCollapse(this); return false;"><i class="fa fa-angle-right"> </i></span>Frm<wbr />Mediatek<wbr />86Controller</a><ul class="toc-menu is-hidden"> </ul></li><li><a id="5105286a-d6f8-07a9-96ce-24381b4bb7fb" class="has-submenu" href="5105286a-d6f8-07a9-96ce-24381b4bb7fb.htm"><span data-tocFile="../toc/IDCCA.xml" class="icon toggle" onclick="ToggleExpandCollapse(this); return false;"><i class="fa fa-angle-right"> </i></span>Namespace<wbr />Doc</a><ul class="toc-menu is-hidden"> </ul></li></tocItems></toc>