﻿<?xml version="1.0" encoding="utf-8"?><toc><breadcrumbs><li><a href="d75eb659-6335-53f6-af7a-81814a21ab7f.htm">Docs</a></li><li><a href="d75eb659-6335-53f6-af7a-81814a21ab7f.htm">mediatek<wbr />86</a></li><li><a href="c985736b-8883-c050-8660-60c01e08e550.htm">mediatek<wbr />86</a></li><li><a href="08bab887-af92-881a-d91c-871bef663498.htm">Frm<wbr />Mediatek<wbr />86</a></li><li><a href="c6285d1c-0b28-46a4-9f21-465e50d9abc5.htm">Methods</a></li></breadcrumbs><tocItems><li><a id="ac0ed460-7911-2d2d-c637-fdd7c0c47985" href="ac0ed460-7911-2d2d-c637-fdd7c0c47985.htm">Absence<wbr />Chevauche</a></li><li><a id="6674fdcb-4422-568f-3cae-8acfa79180b1" href="6674fdcb-4422-568f-3cae-8acfa79180b1.htm">btn<wbr />Annuler<wbr />Absence_<wbr />Click</a></li><li><a id="dbbec7fc-a17e-fb4c-44c3-54cd29308d19" href="dbbec7fc-a17e-fb4c-44c3-54cd29308d19.htm">btn<wbr />Annuler<wbr />Personnel_<wbr />Click</a></li><li><a id="a86570a7-b944-baf8-029d-becc5bb301f9" href="a86570a7-b944-baf8-029d-becc5bb301f9.htm">btn<wbr />Enregistrer<wbr />Absence_<wbr />Click</a></li><li><a id="a3b9e9ae-be85-1d88-1489-dba271557371" href="a3b9e9ae-be85-1d88-1489-dba271557371.htm">btn<wbr />Enregistrer<wbr />Personnel_<wbr />Click</a></li><li><a id="9eb90f8a-ff80-b8f5-39f8-e87c41292532" href="9eb90f8a-ff80-b8f5-39f8-e87c41292532.htm">btn<wbr />Gestion<wbr />Absence_<wbr />Click</a></li><li><a id="a8a2dc60-0aa3-87e6-6bd7-efc2bccb6806" href="a8a2dc60-0aa3-87e6-6bd7-efc2bccb6806.htm">btn<wbr />Modif<wbr />Absence_<wbr />Click</a></li><li><a id="6f3036eb-5279-c900-9969-d3ad3b7b1a13" href="6f3036eb-5279-c900-9969-d3ad3b7b1a13.htm">btn<wbr />Modif<wbr />Personnel_<wbr />Click</a></li><li><a id="8dc1ecc8-f225-35b7-0922-f13741177cdb" href="8dc1ecc8-f225-35b7-0922-f13741177cdb.htm">btn<wbr />Supprimer<wbr />Absence_<wbr />Click</a></li><li><a id="61c82a88-61aa-562b-e508-c5330c2bf952" href="61c82a88-61aa-562b-e508-c5330c2bf952.htm">btn<wbr />Supprimer<wbr />Personnel_<wbr />Click</a></li><li><a id="c09a0f57-c1d6-d910-b071-3fc5088c2a37" class="has-submenu" href="c09a0f57-c1d6-d910-b071-3fc5088c2a37.htm"><span data-tocFile="../toc/IDKCAAA.xml" class="icon toggle" onclick="ToggleExpandCollapse(this); return false;"><i class="fa fa-angle-right"> </i></span>Dispose</a><ul class="toc-menu is-hidden"> </ul></li><li><a id="ff707b15-1145-fa43-77ce-e0fc702003bc" href="ff707b15-1145-fa43-77ce-e0fc702003bc.htm">En<wbr />Cours<wbr />De<wbr />Modif<wbr />Absence</a></li><li><a id="ed0930bb-7641-6adb-b2f8-eacdfcf7d64d" href="ed0930bb-7641-6adb-b2f8-eacdfcf7d64d.htm">En<wbr />Cours<wbr />De<wbr />Modif<wbr />Personnel</a></li><li><a id="a8d0da0d-9394-7341-82e1-b2f6562c9a85" href="a8d0da0d-9394-7341-82e1-b2f6562c9a85.htm">Init</a></li><li><a id="9b4a5fba-e5dd-f3ce-c6d1-33e3fb00cb64" href="9b4a5fba-e5dd-f3ce-c6d1-33e3fb00cb64.htm">Initialize<wbr />Component</a></li><li><a id="14584338-f604-6d4f-4082-ac555661f868" href="14584338-f604-6d4f-4082-ac555661f868.htm">Remplir<wbr />Liste<wbr />Absences</a></li><li><a id="aba9f37f-e8af-a20a-9e74-3b0ab97a42f2" href="aba9f37f-e8af-a20a-9e74-3b0ab97a42f2.htm">Remplir<wbr />Liste<wbr />Motifs</a></li><li><a id="aa5c9070-46cd-76c2-4816-be0c6a1486ce" href="aa5c9070-46cd-76c2-4816-be0c6a1486ce.htm">Remplir<wbr />Liste<wbr />Personnel</a></li><li><a id="9f693a12-9249-05d6-b192-b567ac93088d" href="9f693a12-9249-05d6-b192-b567ac93088d.htm">Remplir<wbr />Liste<wbr />Services</a></li></tocItems></toc>