﻿<?xml version="1.0" encoding="utf-8"?><toc><breadcrumbs><li><a href="d75eb659-6335-53f6-af7a-81814a21ab7f.htm">Docs</a></li><li><a href="d75eb659-6335-53f6-af7a-81814a21ab7f.htm">mediatek<wbr />86</a></li><li><a href="00b62050-2829-3fc3-defd-69417493f299.htm">mediatek<wbr />86.<wbr />view</a></li><li><a href="0d2db7d9-311f-08ba-d78d-1ec872dec5be.htm">Frm<wbr />Connexion</a></li><li><a href="dccf823a-f54c-c242-9350-560cd2a4487c.htm">Methods</a></li></breadcrumbs><tocItems><li><a id="f0765b8e-c2f0-3962-fc55-5341d2405af2" href="f0765b8e-c2f0-3962-fc55-5341d2405af2.htm">btn<wbr />Connection_<wbr />Click</a></li><li><a id="ffed849b-d219-31ec-2a14-75e0e205ecee" class="has-submenu" href="ffed849b-d219-31ec-2a14-75e0e205ecee.htm"><span data-tocFile="../toc/IDBCAFA.xml" class="icon toggle" onclick="ToggleExpandCollapse(this); return false;"><i class="fa fa-angle-right"> </i></span>Dispose</a><ul class="toc-menu is-hidden"> </ul></li><li><a id="86de7afa-58ad-ee8a-aa76-a7715c81c14c" href="86de7afa-58ad-ee8a-aa76-a7715c81c14c.htm">Init</a></li><li><a id="91392535-7f95-f513-37f6-594d974d6573" href="91392535-7f95-f513-37f6-594d974d6573.htm">Initialize<wbr />Component</a></li></tocItems></toc>