﻿<?xml version="1.0" encoding="utf-8"?><toc><breadcrumbs><li><a href="d75eb659-6335-53f6-af7a-81814a21ab7f.htm">Docs</a></li><li><a href="d75eb659-6335-53f6-af7a-81814a21ab7f.htm">mediatek<wbr />86</a></li><li><a href="08100d5b-2599-e33b-f95f-a98713a410d6.htm">mediatek<wbr />86.<wbr />dal</a></li><li><a href="f6e34000-9d6a-51db-c7b3-0f53f34217e2.htm">Absence<wbr />Access</a></li><li><a href="78706634-0ba7-63de-2830-d5c847594696.htm">Fields</a></li></breadcrumbs><tocItems><li><a id="12c4a13c-dc03-46d1-8969-f309ab5324d2" href="12c4a13c-dc03-46d1-8969-f309ab5324d2.htm">access</a></li></tocItems></toc>