﻿<?xml version="1.0" encoding="utf-8"?><toc><breadcrumbs><li><a href="d75eb659-6335-53f6-af7a-81814a21ab7f.htm">Docs</a></li><li><a href="d75eb659-6335-53f6-af7a-81814a21ab7f.htm">mediatek<wbr />86</a></li><li><a href="da7c9213-a3aa-3573-d177-bd317e01593a.htm">mediatek<wbr />86.<wbr />controller</a></li><li><a href="7bf78e7d-ff16-1d5e-8332-3ba14975bb2e.htm">Frm<wbr />Connexion<wbr />Controller</a></li><li><a href="f83b9b12-3d92-8f5e-bc93-bb9c66a5cfa2.htm">Fields</a></li></breadcrumbs><tocItems><li><a id="ff4ae4f1-6744-11b7-10e9-2e5694e25314" href="ff4ae4f1-6744-11b7-10e9-2e5694e25314.htm">responsable<wbr />Access</a></li></tocItems></toc>