﻿<?xml version="1.0" encoding="utf-8"?><toc><breadcrumbs><li><a href="d75eb659-6335-53f6-af7a-81814a21ab7f.htm">Docs</a></li><li><a href="d75eb659-6335-53f6-af7a-81814a21ab7f.htm">mediatek<wbr />86</a></li><li><a href="c985736b-8883-c050-8660-60c01e08e550.htm">mediatek<wbr />86</a></li><li><a href="bd169a8f-ecee-531a-e27f-e52223e32712.htm">Program</a></li></breadcrumbs><tocItems><li><a id="b1a0ba24-5fc9-2561-49ee-d7d3e4aaac2a" class="has-submenu" href="b1a0ba24-5fc9-2561-49ee-d7d3e4aaac2a.htm"><span data-tocFile="../toc/IDACAA.xml" class="icon toggle" onclick="ToggleExpandCollapse(this); return false;"><i class="fa fa-angle-right"> </i></span>Methods</a><ul class="toc-menu is-hidden"> </ul></li></tocItems></toc>