﻿<?xml version="1.0" encoding="utf-8"?><toc><breadcrumbs><li><a href="d75eb659-6335-53f6-af7a-81814a21ab7f.htm">Docs</a></li><li><a href="d75eb659-6335-53f6-af7a-81814a21ab7f.htm">mediatek<wbr />86</a></li><li><a href="da7c9213-a3aa-3573-d177-bd317e01593a.htm">mediatek<wbr />86.<wbr />controller</a></li><li><a href="605919a2-3465-1dac-e5ee-6b4907b23512.htm">Frm<wbr />Mediatek<wbr />86Controller</a></li><li><a href="679867bd-1ea0-99fa-e6e4-6c9f3a7cec47.htm">Fields</a></li></breadcrumbs><tocItems><li><a id="3c8d49bf-ea75-8198-2f89-bdebd5dde4c9" href="3c8d49bf-ea75-8198-2f89-bdebd5dde4c9.htm">absence<wbr />Access</a></li><li><a id="c81f61cf-e6f8-71e9-1c43-eed2d90d6d28" href="c81f61cf-e6f8-71e9-1c43-eed2d90d6d28.htm">motif<wbr />Access</a></li><li><a id="d5a47f1d-6b20-6292-f128-137967f7cdc1" href="d5a47f1d-6b20-6292-f128-137967f7cdc1.htm">personnel<wbr />Access</a></li><li><a id="20ade286-196c-2cbd-15d8-0c0565ddb171" href="20ade286-196c-2cbd-15d8-0c0565ddb171.htm">service<wbr />Access</a></li></tocItems></toc>