﻿<?xml version="1.0" encoding="utf-8"?><toc><breadcrumbs><li><a href="d75eb659-6335-53f6-af7a-81814a21ab7f.htm">Docs</a></li><li><a href="d75eb659-6335-53f6-af7a-81814a21ab7f.htm">mediatek<wbr />86</a></li><li><a href="b49ae6d3-9538-b6ac-acd7-8fe6b78500c8.htm">mediatek<wbr />86.<wbr />model</a></li><li><a href="f62c18f7-0e0d-9e34-727e-b027d57c4ef6.htm">Motif</a></li><li><a href="5d574ea1-5311-ab37-50e6-e68122e069b2.htm">Methods</a></li></breadcrumbs><tocItems><li><a id="7ee5b670-bd7a-9897-0efd-46e29d28117e" href="7ee5b670-bd7a-9897-0efd-46e29d28117e.htm">To<wbr />String</a></li></tocItems></toc>