﻿<?xml version="1.0" encoding="utf-8"?><toc><breadcrumbs><li><a href="d75eb659-6335-53f6-af7a-81814a21ab7f.htm">Docs</a></li><li><a href="d75eb659-6335-53f6-af7a-81814a21ab7f.htm">mediatek<wbr />86</a></li><li><a href="da7c9213-a3aa-3573-d177-bd317e01593a.htm">mediatek<wbr />86.<wbr />controller</a></li><li><a href="5105286a-d6f8-07a9-96ce-24381b4bb7fb.htm">Namespace<wbr />Doc</a></li></breadcrumbs><tocItems><li><a id="66013f92-83ff-540f-8b4b-5c8e0ed91459" href="66013f92-83ff-540f-8b4b-5c8e0ed91459.htm">Constructor</a></li><li><a id="c292aa5f-5337-3269-3a17-d64d625a70dc" href="c292aa5f-5337-3269-3a17-d64d625a70dc.htm">Methods</a></li></tocItems></toc>