﻿<?xml version="1.0" encoding="utf-8"?><toc><breadcrumbs><li><a href="d75eb659-6335-53f6-af7a-81814a21ab7f.htm">Docs</a></li><li><a href="d75eb659-6335-53f6-af7a-81814a21ab7f.htm">mediatek<wbr />86</a></li><li><a href="08100d5b-2599-e33b-f95f-a98713a410d6.htm">mediatek<wbr />86.<wbr />dal</a></li><li><a href="57f3fa23-4e13-632c-583f-53234d246fe6.htm">Motif<wbr />Access</a></li><li><a href="841156a8-02bc-59f4-ce58-4d2d42b30434.htm">Fields</a></li></breadcrumbs><tocItems><li><a id="9910c70b-f7f3-2841-9043-ec060b23b624" href="9910c70b-f7f3-2841-9043-ec060b23b624.htm">access</a></li></tocItems></toc>