﻿<?xml version="1.0" encoding="utf-8"?><toc><breadcrumbs><li><a href="d75eb659-6335-53f6-af7a-81814a21ab7f.htm">Docs</a></li><li><a href="d75eb659-6335-53f6-af7a-81814a21ab7f.htm">mediatek<wbr />86</a></li><li><a href="08100d5b-2599-e33b-f95f-a98713a410d6.htm">mediatek<wbr />86.<wbr />dal</a></li><li><a href="57f3fa23-4e13-632c-583f-53234d246fe6.htm">Motif<wbr />Access</a></li></breadcrumbs><tocItems><li><a id="5fa08114-8f09-5a80-7020-d499aac213ac" href="5fa08114-8f09-5a80-7020-d499aac213ac.htm">Constructor</a></li><li><a id="ae4c4a1b-5198-f7ba-06dc-97f6483d3a61" class="has-submenu" href="ae4c4a1b-5198-f7ba-06dc-97f6483d3a61.htm"><span data-tocFile="../toc/IDBCDA.xml" class="icon toggle" onclick="ToggleExpandCollapse(this); return false;"><i class="fa fa-angle-right"> </i></span>Methods</a><ul class="toc-menu is-hidden"> </ul></li><li><a id="841156a8-02bc-59f4-ce58-4d2d42b30434" class="has-submenu" href="841156a8-02bc-59f4-ce58-4d2d42b30434.htm"><span data-tocFile="../toc/IDCCDA.xml" class="icon toggle" onclick="ToggleExpandCollapse(this); return false;"><i class="fa fa-angle-right"> </i></span>Fields</a><ul class="toc-menu is-hidden"> </ul></li></tocItems></toc>