﻿<?xml version="1.0" encoding="utf-8"?><toc><breadcrumbs><li><a href="d75eb659-6335-53f6-af7a-81814a21ab7f.htm">Docs</a></li><li><a href="d75eb659-6335-53f6-af7a-81814a21ab7f.htm">mediatek<wbr />86</a></li><li><a href="b49ae6d3-9538-b6ac-acd7-8fe6b78500c8.htm">mediatek<wbr />86.<wbr />model</a></li><li><a href="abb12858-580a-c43b-28d5-a1cd5b3aeac2.htm">Namespace<wbr />Doc</a></li></breadcrumbs><tocItems><li><a id="7c4c924e-f5b4-9803-9ad4-2c6ebf10ef1d" href="7c4c924e-f5b4-9803-9ad4-2c6ebf10ef1d.htm">Constructor</a></li><li><a id="76e0552c-a01f-8272-3435-a9e82d73e1bd" href="76e0552c-a01f-8272-3435-a9e82d73e1bd.htm">Methods</a></li></tocItems></toc>