﻿<?xml version="1.0" encoding="utf-8"?><toc><breadcrumbs><li><a href="d75eb659-6335-53f6-af7a-81814a21ab7f.htm">Docs</a></li><li><a href="d75eb659-6335-53f6-af7a-81814a21ab7f.htm">mediatek<wbr />86</a></li><li><a href="b49ae6d3-9538-b6ac-acd7-8fe6b78500c8.htm">mediatek<wbr />86.<wbr />model</a></li><li><a href="3629b560-8f4f-bdb4-bee6-42337cabf8fe.htm">Service</a></li><li><a href="dc8b4575-ce80-40af-8928-924169fc6129.htm">Methods</a></li></breadcrumbs><tocItems><li><a id="de4ab2c5-3588-cf2e-0a04-81aca651eea7" href="de4ab2c5-3588-cf2e-0a04-81aca651eea7.htm">To<wbr />String</a></li></tocItems></toc>