﻿<?xml version="1.0" encoding="utf-8"?><toc><breadcrumbs><li><a href="d75eb659-6335-53f6-af7a-81814a21ab7f.htm">Docs</a></li><li><a href="d75eb659-6335-53f6-af7a-81814a21ab7f.htm">mediatek<wbr />86</a></li><li><a href="00b62050-2829-3fc3-defd-69417493f299.htm">mediatek<wbr />86.<wbr />view</a></li><li><a href="7cead9f2-b428-0abc-30a2-b91e85141e75.htm">View</a></li></breadcrumbs><tocItems><li><a id="969d0f98-01e8-ac8f-3d3b-afc68ce6a025" href="969d0f98-01e8-ac8f-3d3b-afc68ce6a025.htm">Constructor</a></li><li><a id="77d12bc0-9f17-c777-8514-904453a07a66" href="77d12bc0-9f17-c777-8514-904453a07a66.htm">Methods</a></li></tocItems></toc>