﻿<?xml version="1.0" encoding="utf-8"?><toc><breadcrumbs><li><a href="d75eb659-6335-53f6-af7a-81814a21ab7f.htm">Docs</a></li><li><a href="d75eb659-6335-53f6-af7a-81814a21ab7f.htm">mediatek<wbr />86</a></li><li><a href="08100d5b-2599-e33b-f95f-a98713a410d6.htm">mediatek<wbr />86.<wbr />dal</a></li><li><a href="91757df5-0749-96b1-4ae9-29483d510175.htm">Responsable<wbr />Access</a></li><li><a href="849368f3-7adc-0892-14ed-48ead1e7f39a.htm">Fields</a></li></breadcrumbs><tocItems><li><a id="ad5deddc-b0a2-c5db-d488-fb571ff2357b" href="ad5deddc-b0a2-c5db-d488-fb571ff2357b.htm">access</a></li></tocItems></toc>