﻿<?xml version="1.0" encoding="utf-8"?><toc><breadcrumbs><li><a href="d75eb659-6335-53f6-af7a-81814a21ab7f.htm">Docs</a></li><li><a href="d75eb659-6335-53f6-af7a-81814a21ab7f.htm">mediatek<wbr />86</a></li><li><a href="08100d5b-2599-e33b-f95f-a98713a410d6.htm">mediatek<wbr />86.<wbr />dal</a></li><li><a href="ab5cfe5c-a20b-6dca-d301-889a9b858b3e.htm">Service<wbr />Access</a></li><li><a href="87fed5f8-dc9e-21be-a8e8-101b3a0367c7.htm">Fields</a></li></breadcrumbs><tocItems><li><a id="3aba9862-efb3-0eaa-d3e2-993e487d689b" href="3aba9862-efb3-0eaa-d3e2-993e487d689b.htm">access</a></li></tocItems></toc>