﻿<?xml version="1.0" encoding="utf-8"?><toc><breadcrumbs><li><a href="d75eb659-6335-53f6-af7a-81814a21ab7f.htm">Docs</a></li><li><a href="d75eb659-6335-53f6-af7a-81814a21ab7f.htm">mediatek<wbr />86</a></li><li><a href="08100d5b-2599-e33b-f95f-a98713a410d6.htm">mediatek<wbr />86.<wbr />dal</a></li></breadcrumbs><tocItems><li><a id="f6e34000-9d6a-51db-c7b3-0f53f34217e2" class="has-submenu" href="f6e34000-9d6a-51db-c7b3-0f53f34217e2.htm"><span data-tocFile="../toc/IDADA.xml" class="icon toggle" onclick="ToggleExpandCollapse(this); return false;"><i class="fa fa-angle-right"> </i></span>Absence<wbr />Access</a><ul class="toc-menu is-hidden"> </ul></li><li><a id="7c381d6b-dec2-150a-d91f-3e9df434d87a" class="has-submenu" href="7c381d6b-dec2-150a-d91f-3e9df434d87a.htm"><span data-tocFile="../toc/IDBDA.xml" class="icon toggle" onclick="ToggleExpandCollapse(this); return false;"><i class="fa fa-angle-right"> </i></span>Access</a><ul class="toc-menu is-hidden"> </ul></li><li><a id="57f3fa23-4e13-632c-583f-53234d246fe6" class="has-submenu" href="57f3fa23-4e13-632c-583f-53234d246fe6.htm"><span data-tocFile="../toc/IDCDA.xml" class="icon toggle" onclick="ToggleExpandCollapse(this); return false;"><i class="fa fa-angle-right"> </i></span>Motif<wbr />Access</a><ul class="toc-menu is-hidden"> </ul></li><li><a id="2a4253c9-03a1-390c-f4d2-4905ca26458b" class="has-submenu" href="2a4253c9-03a1-390c-f4d2-4905ca26458b.htm"><span data-tocFile="../toc/IDDDA.xml" class="icon toggle" onclick="ToggleExpandCollapse(this); return false;"><i class="fa fa-angle-right"> </i></span>Namespace<wbr />Doc</a><ul class="toc-menu is-hidden"> </ul></li><li><a id="131a2ec4-a2a1-fc9c-2883-8020cd5785f7" class="has-submenu" href="131a2ec4-a2a1-fc9c-2883-8020cd5785f7.htm"><span data-tocFile="../toc/IDEDA.xml" class="icon toggle" onclick="ToggleExpandCollapse(this); return false;"><i class="fa fa-angle-right"> </i></span>Personnel<wbr />Access</a><ul class="toc-menu is-hidden"> </ul></li><li><a id="91757df5-0749-96b1-4ae9-29483d510175" class="has-submenu" href="91757df5-0749-96b1-4ae9-29483d510175.htm"><span data-tocFile="../toc/IDFDA.xml" class="icon toggle" onclick="ToggleExpandCollapse(this); return false;"><i class="fa fa-angle-right"> </i></span>Responsable<wbr />Access</a><ul class="toc-menu is-hidden"> </ul></li><li><a id="ab5cfe5c-a20b-6dca-d301-889a9b858b3e" class="has-submenu" href="ab5cfe5c-a20b-6dca-d301-889a9b858b3e.htm"><span data-tocFile="../toc/IDGDA.xml" class="icon toggle" onclick="ToggleExpandCollapse(this); return false;"><i class="fa fa-angle-right"> </i></span>Service<wbr />Access</a><ul class="toc-menu is-hidden"> </ul></li></tocItems></toc>