﻿<?xml version="1.0" encoding="utf-8"?><toc><breadcrumbs><li><a href="d75eb659-6335-53f6-af7a-81814a21ab7f.htm">Docs</a></li><li><a href="d75eb659-6335-53f6-af7a-81814a21ab7f.htm">mediatek<wbr />86</a></li><li><a href="08100d5b-2599-e33b-f95f-a98713a410d6.htm">mediatek<wbr />86.<wbr />dal</a></li><li><a href="7c381d6b-dec2-150a-d91f-3e9df434d87a.htm">Access</a></li><li><a href="a1d1ca7d-443e-ef7c-b3d1-61753d7d0b83.htm">Methods</a></li></breadcrumbs><tocItems><li><a id="33268290-c7ec-affe-1b74-24a2decf3aba" href="33268290-c7ec-affe-1b74-24a2decf3aba.htm">Get<wbr />Instance</a></li></tocItems></toc>