﻿<?xml version="1.0" encoding="utf-8"?><toc><breadcrumbs><li><a href="d75eb659-6335-53f6-af7a-81814a21ab7f.htm">Docs</a></li><li><a href="d75eb659-6335-53f6-af7a-81814a21ab7f.htm">mediatek<wbr />86</a></li><li><a href="08100d5b-2599-e33b-f95f-a98713a410d6.htm">mediatek<wbr />86.<wbr />dal</a></li><li><a href="2a4253c9-03a1-390c-f4d2-4905ca26458b.htm">Namespace<wbr />Doc</a></li></breadcrumbs><tocItems><li><a id="727f8f0b-0a5c-5f63-3ace-05491f8ce7cc" href="727f8f0b-0a5c-5f63-3ace-05491f8ce7cc.htm">Constructor</a></li><li><a id="bde579bf-f0c8-630d-5d0a-0996325de114" href="bde579bf-f0c8-630d-5d0a-0996325de114.htm">Methods</a></li></tocItems></toc>