﻿<?xml version="1.0" encoding="utf-8"?><toc><breadcrumbs><li><a href="d75eb659-6335-53f6-af7a-81814a21ab7f.htm">Docs</a></li><li><a href="d75eb659-6335-53f6-af7a-81814a21ab7f.htm">mediatek<wbr />86</a></li><li><a href="b49ae6d3-9538-b6ac-acd7-8fe6b78500c8.htm">mediatek<wbr />86.<wbr />model</a></li><li><a href="e7a25013-e309-421a-c3ad-72bc97acbdbc.htm">Personnel</a></li></breadcrumbs><tocItems><li><a id="d21f87c2-d91e-b6b3-28c6-48aa71c7c931" href="d21f87c2-d91e-b6b3-28c6-48aa71c7c931.htm">Constructor</a></li><li><a id="c7f0ff04-c058-f43a-0cf2-40a3cfcc7109" class="has-submenu" href="c7f0ff04-c058-f43a-0cf2-40a3cfcc7109.htm"><span data-tocFile="../toc/IDBDEA.xml" class="icon toggle" onclick="ToggleExpandCollapse(this); return false;"><i class="fa fa-angle-right"> </i></span>Properties</a><ul class="toc-menu is-hidden"> </ul></li><li><a id="afe0c437-aaed-f338-844d-6e376ff59aac" href="afe0c437-aaed-f338-844d-6e376ff59aac.htm">Methods</a></li></tocItems></toc>