﻿<?xml version="1.0" encoding="utf-8"?><toc><breadcrumbs><li><a href="d75eb659-6335-53f6-af7a-81814a21ab7f.htm">Docs</a></li><li><a href="d75eb659-6335-53f6-af7a-81814a21ab7f.htm">mediatek<wbr />86</a></li><li><a href="b49ae6d3-9538-b6ac-acd7-8fe6b78500c8.htm">mediatek<wbr />86.<wbr />model</a></li></breadcrumbs><tocItems><li><a id="02ad3d6a-72a9-e733-66ff-bd325e92e567" class="has-submenu" href="02ad3d6a-72a9-e733-66ff-bd325e92e567.htm"><span data-tocFile="../toc/IDAEA.xml" class="icon toggle" onclick="ToggleExpandCollapse(this); return false;"><i class="fa fa-angle-right"> </i></span>Absence</a><ul class="toc-menu is-hidden"> </ul></li><li><a id="f62c18f7-0e0d-9e34-727e-b027d57c4ef6" class="has-submenu" href="f62c18f7-0e0d-9e34-727e-b027d57c4ef6.htm"><span data-tocFile="../toc/IDBEA.xml" class="icon toggle" onclick="ToggleExpandCollapse(this); return false;"><i class="fa fa-angle-right"> </i></span>Motif</a><ul class="toc-menu is-hidden"> </ul></li><li><a id="abb12858-580a-c43b-28d5-a1cd5b3aeac2" class="has-submenu" href="abb12858-580a-c43b-28d5-a1cd5b3aeac2.htm"><span data-tocFile="../toc/IDCEA.xml" class="icon toggle" onclick="ToggleExpandCollapse(this); return false;"><i class="fa fa-angle-right"> </i></span>Namespace<wbr />Doc</a><ul class="toc-menu is-hidden"> </ul></li><li><a id="e7a25013-e309-421a-c3ad-72bc97acbdbc" class="has-submenu" href="e7a25013-e309-421a-c3ad-72bc97acbdbc.htm"><span data-tocFile="../toc/IDDEA.xml" class="icon toggle" onclick="ToggleExpandCollapse(this); return false;"><i class="fa fa-angle-right"> </i></span>Personnel</a><ul class="toc-menu is-hidden"> </ul></li><li><a id="d759beb3-19d1-00eb-4fe6-b53ff8eb623e" class="has-submenu" href="d759beb3-19d1-00eb-4fe6-b53ff8eb623e.htm"><span data-tocFile="../toc/IDEEA.xml" class="icon toggle" onclick="ToggleExpandCollapse(this); return false;"><i class="fa fa-angle-right"> </i></span>Responsable</a><ul class="toc-menu is-hidden"> </ul></li><li><a id="3629b560-8f4f-bdb4-bee6-42337cabf8fe" class="has-submenu" href="3629b560-8f4f-bdb4-bee6-42337cabf8fe.htm"><span data-tocFile="../toc/IDFEA.xml" class="icon toggle" onclick="ToggleExpandCollapse(this); return false;"><i class="fa fa-angle-right"> </i></span>Service</a><ul class="toc-menu is-hidden"> </ul></li></tocItems></toc>