﻿<?xml version="1.0" encoding="utf-8"?><toc><breadcrumbs><li><a href="d75eb659-6335-53f6-af7a-81814a21ab7f.htm">Docs</a></li><li><a href="d75eb659-6335-53f6-af7a-81814a21ab7f.htm">mediatek<wbr />86</a></li><li><a href="c985736b-8883-c050-8660-60c01e08e550.htm">mediatek<wbr />86</a></li><li><a href="08bab887-af92-881a-d91c-871bef663498.htm">Frm<wbr />Mediatek<wbr />86</a></li><li><a href="9dd83b74-57e3-7873-092d-6b5e61979469.htm">Fields</a></li></breadcrumbs><tocItems><li><a id="0aa525a5-503c-9e7a-bb8a-9e3a9d3fe9b8" href="0aa525a5-503c-9e7a-bb8a-9e3a9d3fe9b8.htm">bdg<wbr />Absences</a></li><li><a id="84d04fa9-eee2-eacb-319c-d31ad78b2888" href="84d04fa9-eee2-eacb-319c-d31ad78b2888.htm">bdg<wbr />Motifs</a></li><li><a id="6e497439-d2b7-c995-e85e-79bb6401f9f0" href="6e497439-d2b7-c995-e85e-79bb6401f9f0.htm">bdg<wbr />Personnel</a></li><li><a id="10da1ca5-996b-e594-178b-1858eaf4184e" href="10da1ca5-996b-e594-178b-1858eaf4184e.htm">bdg<wbr />Services</a></li><li><a id="295a1369-d46f-172b-76ca-de1499f1c93c" href="295a1369-d46f-172b-76ca-de1499f1c93c.htm">btn<wbr />Annuler<wbr />Absence</a></li><li><a id="19304cf5-8722-55aa-e5f4-12760ae00ccc" href="19304cf5-8722-55aa-e5f4-12760ae00ccc.htm">btn<wbr />Annuler<wbr />Personnel</a></li><li><a id="d65fdcbc-3c72-2efb-84f4-d75f28e19b39" href="d65fdcbc-3c72-2efb-84f4-d75f28e19b39.htm">btn<wbr />Enregistrer<wbr />Absence</a></li><li><a id="c35c4c6e-d24c-8328-c056-5bf97cfde97f" href="c35c4c6e-d24c-8328-c056-5bf97cfde97f.htm">btn<wbr />Enregistrer<wbr />Personnel</a></li><li><a id="e5edfee6-7eac-6182-bb93-02b590ca21eb" href="e5edfee6-7eac-6182-bb93-02b590ca21eb.htm">btn<wbr />Gestion<wbr />Absence</a></li><li><a id="5844367e-1c61-6df4-2c0b-7cc768caecbd" href="5844367e-1c61-6df4-2c0b-7cc768caecbd.htm">btn<wbr />Modif<wbr />Absence</a></li><li><a id="a41fd52d-2534-c191-0c9a-7214ff3681f6" href="a41fd52d-2534-c191-0c9a-7214ff3681f6.htm">btn<wbr />Modif<wbr />Personnel</a></li><li><a id="480c0794-1f58-8954-6fc9-4f9d28e76b8b" href="480c0794-1f58-8954-6fc9-4f9d28e76b8b.htm">btn<wbr />Supprimer<wbr />Absence</a></li><li><a id="bbe70b99-a1f5-6c28-b805-95a45487dddf" href="bbe70b99-a1f5-6c28-b805-95a45487dddf.htm">btn<wbr />Supprimer<wbr />Personnel</a></li><li><a id="d1218e49-deef-2576-6adb-283930b4fbfa" href="d1218e49-deef-2576-6adb-283930b4fbfa.htm">cbx<wbr />Motif</a></li><li><a id="eab22f15-0236-fadd-5f9f-28fd99ca7e69" href="eab22f15-0236-fadd-5f9f-28fd99ca7e69.htm">cbx<wbr />Service<wbr />Personnel</a></li><li><a id="b83f42a5-3782-9793-5b4c-7e4ffb381984" href="b83f42a5-3782-9793-5b4c-7e4ffb381984.htm">components</a></li><li><a id="455cfe0e-d93d-5228-1534-a904db1b5c59" href="455cfe0e-d93d-5228-1534-a904db1b5c59.htm">controller</a></li><li><a id="59f19d99-7af2-fb7e-74fb-33d30a620ec8" href="59f19d99-7af2-fb7e-74fb-33d30a620ec8.htm">dgv<wbr />Absences</a></li><li><a id="00f75289-dfde-2689-d3eb-cf7b23e37042" href="00f75289-dfde-2689-d3eb-cf7b23e37042.htm">dgv<wbr />Personnel</a></li><li><a id="f2933c34-b54b-fcc6-c269-71e107d22cfa" href="f2933c34-b54b-fcc6-c269-71e107d22cfa.htm">dtp<wbr />Date<wbr />Debut</a></li><li><a id="cbeb7ff2-429a-df5b-c0b1-ba24b90c0589" href="cbeb7ff2-429a-df5b-c0b1-ba24b90c0589.htm">dtp<wbr />Date<wbr />Fin</a></li><li><a id="8c524f69-b631-cc16-2536-295768c597ba" href="8c524f69-b631-cc16-2536-295768c597ba.htm">en<wbr />Cours<wbr />De<wbr />Modif<wbr />Absence</a></li><li><a id="a7d521a0-5dae-923d-fe9d-ac63a80c3f0e" href="a7d521a0-5dae-923d-fe9d-ac63a80c3f0e.htm">en<wbr />Cours<wbr />De<wbr />Modif<wbr />Personnel</a></li><li><a id="7fbd28fc-39c3-a787-fc35-2405c80fb90c" href="7fbd28fc-39c3-a787-fc35-2405c80fb90c.htm">gbx<wbr />Absences</a></li><li><a id="ae95455c-502f-7915-09a4-7d8de1653b2d" href="ae95455c-502f-7915-09a4-7d8de1653b2d.htm">gbx<wbr />Ajout<wbr />Modif<wbr />Absence</a></li><li><a id="c96d8c97-f784-6b91-ccd0-3f594bd37559" href="c96d8c97-f784-6b91-ccd0-3f594bd37559.htm">gbx<wbr />Ajout<wbr />Modif<wbr />Personnel</a></li><li><a id="cade74e7-b672-c373-859b-2b6e1867cdc4" href="cade74e7-b672-c373-859b-2b6e1867cdc4.htm">gbx<wbr />Personnel</a></li><li><a id="729fd009-3b05-92d4-5c3f-7fa9b9616668" href="729fd009-3b05-92d4-5c3f-7fa9b9616668.htm">lbl<wbr />Date<wbr />Debut</a></li><li><a id="1a5ddd34-e8bc-a611-1a45-40ce13a68214" href="1a5ddd34-e8bc-a611-1a45-40ce13a68214.htm">lbl<wbr />Date<wbr />Fin</a></li><li><a id="c49d055b-0294-a571-276c-18a91f7b11d7" href="c49d055b-0294-a571-276c-18a91f7b11d7.htm">lbl<wbr />Mail</a></li><li><a id="3e8e58a7-77b2-8368-dfa4-3de2d960d44e" href="3e8e58a7-77b2-8368-dfa4-3de2d960d44e.htm">lbl<wbr />Motif</a></li><li><a id="0aee44fe-e9d4-5f04-0cd6-bb4d31124bac" href="0aee44fe-e9d4-5f04-0cd6-bb4d31124bac.htm">lbl<wbr />Nom</a></li><li><a id="2fcbcacf-3cc0-f31e-5afa-050151e1a738" href="2fcbcacf-3cc0-f31e-5afa-050151e1a738.htm">lbl<wbr />Prenom</a></li><li><a id="fc240777-451a-f5c2-864a-6abaa6140a4e" href="fc240777-451a-f5c2-864a-6abaa6140a4e.htm">lbl<wbr />Service<wbr />Personnel</a></li><li><a id="8eff4b13-bd74-58ae-b700-83a60be4135f" href="8eff4b13-bd74-58ae-b700-83a60be4135f.htm">lbl<wbr />Tel</a></li><li><a id="f69e4a33-58d5-860d-aac2-aaab69693e8a" href="f69e4a33-58d5-860d-aac2-aaab69693e8a.htm">txt<wbr />Mail</a></li><li><a id="0babcfd2-d960-8f03-9bfb-946560153f41" href="0babcfd2-d960-8f03-9bfb-946560153f41.htm">txt<wbr />Nom</a></li><li><a id="739f35f0-4e17-ea83-d051-05f946015a8f" href="739f35f0-4e17-ea83-d051-05f946015a8f.htm">txt<wbr />Prenom</a></li><li><a id="2423865b-f981-e9f8-ceec-bb5996dca865" href="2423865b-f981-e9f8-ceec-bb5996dca865.htm">txt<wbr />Telephone</a></li></tocItems></toc>