﻿<?xml version="1.0" encoding="utf-8"?><toc><breadcrumbs><li><a href="d75eb659-6335-53f6-af7a-81814a21ab7f.htm">Docs</a></li><li><a href="d75eb659-6335-53f6-af7a-81814a21ab7f.htm">mediatek<wbr />86</a></li><li><a href="00b62050-2829-3fc3-defd-69417493f299.htm">mediatek<wbr />86.<wbr />view</a></li><li><a href="0d2db7d9-311f-08ba-d78d-1ec872dec5be.htm">Frm<wbr />Connexion</a></li><li><a href="350aa267-30a2-e325-9acc-0377ab02255e.htm">Fields</a></li></breadcrumbs><tocItems><li><a id="68902800-ec90-30c2-0715-6ca0866f67de" href="68902800-ec90-30c2-0715-6ca0866f67de.htm">btn<wbr />Connection</a></li><li><a id="844c479d-10a1-ea8c-84f5-0b8be6949d8f" href="844c479d-10a1-ea8c-84f5-0b8be6949d8f.htm">components</a></li><li><a id="39360a3e-3c86-823e-d4aa-843c8180775a" href="39360a3e-3c86-823e-d4aa-843c8180775a.htm">controller</a></li><li><a id="feead563-48bf-c81e-50fc-42ce86ed090e" href="feead563-48bf-c81e-50fc-42ce86ed090e.htm">lbl<wbr />Login</a></li><li><a id="e59e440c-541e-5373-02db-b78b03f904bd" href="e59e440c-541e-5373-02db-b78b03f904bd.htm">lbl<wbr />Password</a></li><li><a id="cecbce85-6d28-44a4-d70f-fc5584fa9980" href="cecbce85-6d28-44a4-d70f-fc5584fa9980.htm">txt<wbr />Login</a></li><li><a id="7040a37c-570f-a8bd-82a9-aa85694ae374" href="7040a37c-570f-a8bd-82a9-aa85694ae374.htm">txt<wbr />Password</a></li></tocItems></toc>