﻿<?xml version="1.0" encoding="utf-8"?><toc><breadcrumbs><li><a href="d75eb659-6335-53f6-af7a-81814a21ab7f.htm">Docs</a></li><li><a href="d75eb659-6335-53f6-af7a-81814a21ab7f.htm">mediatek<wbr />86</a></li><li><a href="08100d5b-2599-e33b-f95f-a98713a410d6.htm">mediatek<wbr />86.<wbr />dal</a></li><li><a href="7c381d6b-dec2-150a-d91f-3e9df434d87a.htm">Access</a></li><li><a href="5a2b648f-3e8d-553b-fa0e-86f2033b4926.htm">Fields</a></li></breadcrumbs><tocItems><li><a id="13bf7d2a-c700-8978-d1d1-617c30f3a5cd" href="13bf7d2a-c700-8978-d1d1-617c30f3a5cd.htm">connection<wbr />String</a></li><li><a id="5b00b873-6bc9-c904-dfe7-4544e96d7b9d" href="5b00b873-6bc9-c904-dfe7-4544e96d7b9d.htm">instance</a></li></tocItems></toc>