﻿<?xml version="1.0" encoding="utf-8"?><toc><breadcrumbs><li><a href="d75eb659-6335-53f6-af7a-81814a21ab7f.htm">Docs</a></li><li><a href="d75eb659-6335-53f6-af7a-81814a21ab7f.htm">mediatek<wbr />86</a></li><li><a href="b49ae6d3-9538-b6ac-acd7-8fe6b78500c8.htm">mediatek<wbr />86.<wbr />model</a></li><li><a href="d759beb3-19d1-00eb-4fe6-b53ff8eb623e.htm">Responsable</a></li></breadcrumbs><tocItems><li><a id="463e31a8-b757-012b-e0b6-99a1679a8984" href="463e31a8-b757-012b-e0b6-99a1679a8984.htm">Constructor</a></li><li><a id="128fdc23-9024-5eba-3a0b-07b8cc38233d" class="has-submenu" href="128fdc23-9024-5eba-3a0b-07b8cc38233d.htm"><span data-tocFile="../toc/IDBEEA.xml" class="icon toggle" onclick="ToggleExpandCollapse(this); return false;"><i class="fa fa-angle-right"> </i></span>Properties</a><ul class="toc-menu is-hidden"> </ul></li><li><a id="f3d7c480-0f4b-4cee-b25d-07ba34681343" href="f3d7c480-0f4b-4cee-b25d-07ba34681343.htm">Methods</a></li></tocItems></toc>