﻿<?xml version="1.0" encoding="utf-8"?><toc><breadcrumbs><li><a href="d75eb659-6335-53f6-af7a-81814a21ab7f.htm">Docs</a></li><li><a href="d75eb659-6335-53f6-af7a-81814a21ab7f.htm">mediatek<wbr />86</a></li><li><a href="00b62050-2829-3fc3-defd-69417493f299.htm">mediatek<wbr />86.<wbr />view</a></li></breadcrumbs><tocItems><li><a id="0d2db7d9-311f-08ba-d78d-1ec872dec5be" class="has-submenu" href="0d2db7d9-311f-08ba-d78d-1ec872dec5be.htm"><span data-tocFile="../toc/IDAFA.xml" class="icon toggle" onclick="ToggleExpandCollapse(this); return false;"><i class="fa fa-angle-right"> </i></span>Frm<wbr />Connexion</a><ul class="toc-menu is-hidden"> </ul></li><li><a id="758ffab4-d05b-8979-b5b8-5063ce785917" class="has-submenu" href="758ffab4-d05b-8979-b5b8-5063ce785917.htm"><span data-tocFile="../toc/IDBFA.xml" class="icon toggle" onclick="ToggleExpandCollapse(this); return false;"><i class="fa fa-angle-right"> </i></span>Namespace<wbr />Doc</a><ul class="toc-menu is-hidden"> </ul></li><li><a id="7cead9f2-b428-0abc-30a2-b91e85141e75" class="has-submenu" href="7cead9f2-b428-0abc-30a2-b91e85141e75.htm"><span data-tocFile="../toc/IDCFA.xml" class="icon toggle" onclick="ToggleExpandCollapse(this); return false;"><i class="fa fa-angle-right"> </i></span>View</a><ul class="toc-menu is-hidden"> </ul></li></tocItems></toc>