﻿<?xml version="1.0" encoding="utf-8"?><toc><breadcrumbs><li><a href="d75eb659-6335-53f6-af7a-81814a21ab7f.htm">Docs</a></li><li><a href="d75eb659-6335-53f6-af7a-81814a21ab7f.htm">mediatek<wbr />86</a></li><li><a href="08100d5b-2599-e33b-f95f-a98713a410d6.htm">mediatek<wbr />86.<wbr />dal</a></li><li><a href="91757df5-0749-96b1-4ae9-29483d510175.htm">Responsable<wbr />Access</a></li></breadcrumbs><tocItems><li><a id="34cd9aa2-5a45-5af7-2ae3-8bed0bcc8eac" href="34cd9aa2-5a45-5af7-2ae3-8bed0bcc8eac.htm">Constructor</a></li><li><a id="67a37188-6f7c-c571-a3dc-4a7d9a801b32" class="has-submenu" href="67a37188-6f7c-c571-a3dc-4a7d9a801b32.htm"><span data-tocFile="../toc/IDBFDA.xml" class="icon toggle" onclick="ToggleExpandCollapse(this); return false;"><i class="fa fa-angle-right"> </i></span>Methods</a><ul class="toc-menu is-hidden"> </ul></li><li><a id="849368f3-7adc-0892-14ed-48ead1e7f39a" class="has-submenu" href="849368f3-7adc-0892-14ed-48ead1e7f39a.htm"><span data-tocFile="../toc/IDCFDA.xml" class="icon toggle" onclick="ToggleExpandCollapse(this); return false;"><i class="fa fa-angle-right"> </i></span>Fields</a><ul class="toc-menu is-hidden"> </ul></li></tocItems></toc>