﻿<?xml version="1.0" encoding="utf-8"?><toc><breadcrumbs><li><a href="d75eb659-6335-53f6-af7a-81814a21ab7f.htm">Docs</a></li><li><a href="d75eb659-6335-53f6-af7a-81814a21ab7f.htm">mediatek<wbr />86</a></li><li><a href="b49ae6d3-9538-b6ac-acd7-8fe6b78500c8.htm">mediatek<wbr />86.<wbr />model</a></li><li><a href="3629b560-8f4f-bdb4-bee6-42337cabf8fe.htm">Service</a></li></breadcrumbs><tocItems><li><a id="5ab1170b-97fc-4191-5874-8d1779ab2140" href="5ab1170b-97fc-4191-5874-8d1779ab2140.htm">Constructor</a></li><li><a id="df324df8-40f6-5063-590c-f17575d7745b" class="has-submenu" href="df324df8-40f6-5063-590c-f17575d7745b.htm"><span data-tocFile="../toc/IDBFEA.xml" class="icon toggle" onclick="ToggleExpandCollapse(this); return false;"><i class="fa fa-angle-right"> </i></span>Properties</a><ul class="toc-menu is-hidden"> </ul></li><li><a id="dc8b4575-ce80-40af-8928-924169fc6129" class="has-submenu" href="dc8b4575-ce80-40af-8928-924169fc6129.htm"><span data-tocFile="../toc/IDCFEA.xml" class="icon toggle" onclick="ToggleExpandCollapse(this); return false;"><i class="fa fa-angle-right"> </i></span>Methods</a><ul class="toc-menu is-hidden"> </ul></li></tocItems></toc>