﻿<?xml version="1.0" encoding="utf-8"?><toc><breadcrumbs><li><a href="d75eb659-6335-53f6-af7a-81814a21ab7f.htm">Docs</a></li><li><a href="d75eb659-6335-53f6-af7a-81814a21ab7f.htm">mediatek<wbr />86</a></li><li><a href="08100d5b-2599-e33b-f95f-a98713a410d6.htm">mediatek<wbr />86.<wbr />dal</a></li><li><a href="ab5cfe5c-a20b-6dca-d301-889a9b858b3e.htm">Service<wbr />Access</a></li></breadcrumbs><tocItems><li><a id="8b05ee92-8a20-217d-2cd8-c48ad135a725" href="8b05ee92-8a20-217d-2cd8-c48ad135a725.htm">Constructor</a></li><li><a id="a0350e2a-3021-7fee-2f91-e790ad72b624" class="has-submenu" href="a0350e2a-3021-7fee-2f91-e790ad72b624.htm"><span data-tocFile="../toc/IDBGDA.xml" class="icon toggle" onclick="ToggleExpandCollapse(this); return false;"><i class="fa fa-angle-right"> </i></span>Methods</a><ul class="toc-menu is-hidden"> </ul></li><li><a id="87fed5f8-dc9e-21be-a8e8-101b3a0367c7" class="has-submenu" href="87fed5f8-dc9e-21be-a8e8-101b3a0367c7.htm"><span data-tocFile="../toc/IDCGDA.xml" class="icon toggle" onclick="ToggleExpandCollapse(this); return false;"><i class="fa fa-angle-right"> </i></span>Fields</a><ul class="toc-menu is-hidden"> </ul></li></tocItems></toc>