﻿<?xml version="1.0" encoding="utf-8"?><toc><breadcrumbs><li><a href="d75eb659-6335-53f6-af7a-81814a21ab7f.htm">Docs</a></li><li><a href="d75eb659-6335-53f6-af7a-81814a21ab7f.htm">mediatek<wbr />86</a></li><li><a href="c985736b-8883-c050-8660-60c01e08e550.htm">mediatek<wbr />86</a></li><li><a href="08bab887-af92-881a-d91c-871bef663498.htm">Frm<wbr />Mediatek<wbr />86</a></li><li><a href="c6285d1c-0b28-46a4-9f21-465e50d9abc5.htm">Methods</a></li><li><a href="c09a0f57-c1d6-d910-b071-3fc5088c2a37.htm">Dispose</a></li></breadcrumbs><tocItems><li><a id="50162d69-808d-edc9-150d-d2d967fe8784" href="50162d69-808d-edc9-150d-d2d967fe8784.htm">Dispose(<wbr />Boolean)</a></li></tocItems></toc>