<?xml version="1.0"?>
<doc>
    <assembly>
        <name>mediatek86</name>
    </assembly>
    <members>
        <member name="T:mediatek86.bddmanager.NamespaceDoc">
            <summary>
            Package bddmanager
            </summary>
        </member>
        <member name="T:mediatek86.bddmanager.BddManager">
            <summary>
            Singleton : connexion à la base de données et exécution des requêtes
            </summary>
        </member>
        <member name="F:mediatek86.bddmanager.BddManager.instance">
            <summary>
            instance unique de la classe
            </summary>
        </member>
        <member name="F:mediatek86.bddmanager.BddManager.connection">
            <summary>
            objet de connexion à la BDD à partir d'une chaîne de connexion
            </summary>
        </member>
        <member name="M:mediatek86.bddmanager.BddManager.#ctor(System.String)">
            <summary>
            Constructeur pour créer la connexion à la BDD et l'ouvrir
            </summary>
            <param name="stringConnect">chaine de connexion</param>
        </member>
        <member name="M:mediatek86.bddmanager.BddManager.GetInstance(System.String)">
            <summary>
            Création d'une seule instance de la classe
            </summary>
            <param name="stringConnect">chaine de connexion</param>
            <returns>instance unique de la classe</returns>
        </member>
        <member name="M:mediatek86.bddmanager.BddManager.ReqUpdate(System.String,System.Collections.Generic.Dictionary{System.String,System.Object})">
            <summary>
            Exécution d'une requête autre que "select"
            </summary>
            <param name="stringQuery">requête autre que select</param>
            <param name="parameters">dictionnire contenant les parametres</param>
        </member>
        <member name="M:mediatek86.bddmanager.BddManager.ReqSelect(System.String,System.Collections.Generic.Dictionary{System.String,System.Object})">
            <summary>
            Execution d'une requête de type "select"
            </summary>
            <param name="stringQuery">requête select</param>
            <param name="parameters">dictoinnaire contenant les parametres</param>
            <returns>liste de tableaux d'objets contenant les valeurs des colonnes</returns>
        </member>
        <member name="T:mediatek86.controller.FrmConnexionController">
            <summary>
            Contrôleur de FrmConnexion
            </summary>
        </member>
        <member name="F:mediatek86.controller.FrmConnexionController.responsableAccess">
            <summary>
            objet d'accès aux opérations possibles sur Developpeur
            </summary>
        </member>
        <member name="M:mediatek86.controller.FrmConnexionController.#ctor">
            <summary>
            Récupère l'acces aux données
            </summary>
        </member>
        <member name="M:mediatek86.controller.FrmConnexionController.ControleConnexion(mediatek86.model.Responsable)">
            <summary>
            Vérifie l'authentification
            </summary>
            <param name="responsable">objet contenant les informations de connexion</param>
            <returns> vrai si les informations de connexion sont correctes</returns>
        </member>
        <member name="T:mediatek86.controller.NamespaceDoc">
            <summary>
            Package controller
            </summary>
        </member>
        <member name="T:mediatek86.controller.FrmMediatek86Controller">
            <summary>
            Contrôleur de FrmMediatek86
            </summary>
        </member>
        <member name="F:mediatek86.controller.FrmMediatek86Controller.personnelAccess">
            <summary>
            objet d'accès aux opérations possibles sur Responsable
            </summary>
        </member>
        <member name="F:mediatek86.controller.FrmMediatek86Controller.serviceAccess">
            <summary>
            objet d'accès aux opérations possible sur Service
            </summary>
        </member>
        <member name="F:mediatek86.controller.FrmMediatek86Controller.absenceAccess">
            <summary>
            objet d'accès aux opérations possibles sur Absence
            </summary>
        </member>
        <member name="F:mediatek86.controller.FrmMediatek86Controller.motifAccess">
            <summary>
            objet d'accès aux opérations possibles sur Motif
            </summary>
        </member>
        <member name="M:mediatek86.controller.FrmMediatek86Controller.#ctor">
            <summary>
            Récupère les acces aux données
            </summary>
        </member>
        <member name="M:mediatek86.controller.FrmMediatek86Controller.GetLePersonnel">
            <summary>
            Récupère et retourne les infos du personnel
            </summary>
            <returns>liste du personnel</returns>
        </member>
        <member name="M:mediatek86.controller.FrmMediatek86Controller.GetLesServices">
            <summary>
            Récupère et retourne les infos des services
            </summary>
            <returns>liste des services</returns>
        </member>
        <member name="M:mediatek86.controller.FrmMediatek86Controller.GetLesAbsences(System.Int32)">
            <summary>
            Récupère et retourne les infos des absences
            </summary>
            <param name="idpersonnelselect">identifiant du personnel sélectionné</param>
            <returns>liste des absences</returns>
        </member>
        <member name="M:mediatek86.controller.FrmMediatek86Controller.GetLesMotifs">
            <summary>
            Récupère et retourne les infos des motifs
            </summary>
            <returns>liste des motifs</returns>
        </member>
        <member name="M:mediatek86.controller.FrmMediatek86Controller.AddPersonnel(mediatek86.model.Personnel)">
            <summary>
            Demande d'ajout du personnel
            </summary>
            <param name="personnel">objet personnel à ajouter</param>
        </member>
        <member name="M:mediatek86.controller.FrmMediatek86Controller.UpdatePersonnel(mediatek86.model.Personnel)">
            <summary>
            Demande de modification du personnel
            </summary>
            <param name="personnel">objet personnel à modifier</param>
        </member>
        <member name="M:mediatek86.controller.FrmMediatek86Controller.DelPersonnel(mediatek86.model.Personnel)">
            <summary>
            Demande de suppression du personnel
            </summary>
            <param name="personnel">objet personnel à supprimer</param>
        </member>
        <member name="M:mediatek86.controller.FrmMediatek86Controller.DelAbsencesPersonnel(mediatek86.model.Personnel)">
            <summary>
            Demande de suppression des absences du personnel lors de la suppression de ce dernier
            </summary>
            <param name="personnel">objet personnel dont les absences sont à supprimer</param>
        </member>
        <member name="M:mediatek86.controller.FrmMediatek86Controller.AddAbsence(mediatek86.model.Absence)">
            <summary>
            Demande d'ajout d'une absence
            </summary>
            <param name="absence">objet absence à ajouter</param>
        </member>
        <member name="M:mediatek86.controller.FrmMediatek86Controller.UpdateAbsence(mediatek86.model.Absence,System.DateTime)">
            <summary>
            Demande de modification d'une absence
            </summary>
            <param name="absence">objet absence à modifier</param>
            <param name="ancienneDateDebut">objet ancienneDateDebut à modifier</param>
        </member>
        <member name="M:mediatek86.controller.FrmMediatek86Controller.DelAbsence(mediatek86.model.Absence)">
            <summary>
            Demande de suppression d'une absence
            </summary>
            <param name="absence">objet absence à supprimer</param>
        </member>
        <member name="T:mediatek86.dal.AbsenceAccess">
            <summary>
            Classe permettant de gérer les demandes concernant les absences
            </summary>
        </member>
        <member name="F:mediatek86.dal.AbsenceAccess.access">
            <summary>
            Instance unique de l'accès aux données
            </summary>
        </member>
        <member name="M:mediatek86.dal.AbsenceAccess.#ctor">
            <summary>
            Constructeur pour créer l'accès aux données
            </summary>
        </member>
        <member name="M:mediatek86.dal.AbsenceAccess.GetLesAbsences(System.Int32)">
            <summary>
            Récupère et retourne les absences
            </summary>
            <param name="idpersonnelselect">identifiant du personnel sélectionné</param>
            <returns>liste des absences</returns>
        </member>
        <member name="M:mediatek86.dal.AbsenceAccess.AddAbsence(mediatek86.model.Absence)">
            <summary>
            Demande d'ajout d'une absence
            </summary>
            <param name="absence">objet absence à ajouter</param>
        </member>
        <member name="M:mediatek86.dal.AbsenceAccess.UpdateAbsence(mediatek86.model.Absence,System.DateTime)">
            <summary>
            Demande de modification d'une absence
            </summary>
            <param name="absence">objet absence à modifier</param>
            <param name="ancienneDateDebut">objet ancienneDateDebut à modifier</param>
        </member>
        <member name="M:mediatek86.dal.AbsenceAccess.DelAbsence(mediatek86.model.Absence)">
            <summary>
            Demande de suppression d'une absence
            </summary>
            <param name="absence">objet absence à supprimer</param>
        </member>
        <member name="T:mediatek86.dal.NamespaceDoc">
            <summary>
            Package dal
            </summary>
        </member>
        <member name="T:mediatek86.dal.Access">
            <summary>
            Singleton : classe d'accès à BddManager
            </summary>
        </member>
        <member name="F:mediatek86.dal.Access.connectionString">
            <summary>
            chaine de connexion à la bdd
            </summary>
        </member>
        <member name="F:mediatek86.dal.Access.instance">
            <summary>
            instance unique de la classe
            </summary>
        </member>
        <member name="P:mediatek86.dal.Access.Manager">
            <summary>
            Getter sur l'objet d'accès aux données
            </summary>
        </member>
        <member name="M:mediatek86.dal.Access.#ctor">
            <summary>
            Création unique de l'objet de type BddManager
            Arrête le programme si l'accès à la BDD a échoué
            </summary>
        </member>
        <member name="M:mediatek86.dal.Access.GetInstance">
            <summary>
            Création d'une seule instance de la classe
            </summary>
            <returns>une instance</returns>
        </member>
        <member name="T:mediatek86.dal.MotifAccess">
            <summary>
            Classe permettant de gérer les demandes concernant les motifs
            </summary>
        </member>
        <member name="F:mediatek86.dal.MotifAccess.access">
            <summary>
            Instance unique de l'accès aux données
            </summary>
        </member>
        <member name="M:mediatek86.dal.MotifAccess.#ctor">
            <summary>
            Constructeur pour créer l'accès aux données
            </summary>
        </member>
        <member name="M:mediatek86.dal.MotifAccess.GetLesMotifs">
            <summary>
            Récupère et retourne les motifs
            </summary>
            <returns>liste des motifs</returns>
        </member>
        <member name="T:mediatek86.dal.PersonnelAccess">
            <summary>
            Classe permettant de gérer les demandes concernant le personnel
            </summary>
        </member>
        <member name="F:mediatek86.dal.PersonnelAccess.access">
            <summary>
            Instance unique de l'accès aux données
            </summary>
        </member>
        <member name="M:mediatek86.dal.PersonnelAccess.#ctor">
            <summary>
            Constructeur pour créer l'accès aux données
            </summary>
        </member>
        <member name="M:mediatek86.dal.PersonnelAccess.GetLePersonnel">
            <summary>
            Récupère et retourne le personnel
            </summary>
            <returns>liste du personnel</returns>
        </member>
        <member name="M:mediatek86.dal.PersonnelAccess.AddPersonnel(mediatek86.model.Personnel)">
            <summary>
            Demande d'ajout du personnel
            </summary>
            <param name="personnel">objet personnel à ajouter</param>
        </member>
        <member name="M:mediatek86.dal.PersonnelAccess.UpdatePersonnel(mediatek86.model.Personnel)">
            <summary>
            Demande de modification du personnel
            </summary>
            <param name="personnel">objet personnel à modifier</param>
        </member>
        <member name="M:mediatek86.dal.PersonnelAccess.DelPersonnel(mediatek86.model.Personnel)">
            <summary>
            Demande de suppression du personnel
            </summary>
            <param name="personnel">objet personnel à supprimer</param>
        </member>
        <member name="M:mediatek86.dal.PersonnelAccess.DelAbsencesPersonnel(mediatek86.model.Personnel)">
            <summary>
            Demande de suppression des absences du personnel lors de la suppression de ce dernier
            </summary>
            <param name="personnel">objet personnel dont les absences doivent être supprimées</param>
        </member>
        <member name="T:mediatek86.dal.ResponsableAccess">
            <summary>
            Classe permettant de gérer les demandes concernant le responsable
            </summary>
        </member>
        <member name="F:mediatek86.dal.ResponsableAccess.access">
            <summary>
            Instance unique de l'accès aux données
            </summary>
        </member>
        <member name="M:mediatek86.dal.ResponsableAccess.#ctor">
            <summary>
            Constructeur pour créer l'accès aux données
            </summary>
        </member>
        <member name="M:mediatek86.dal.ResponsableAccess.ControleConnexion(mediatek86.model.Responsable)">
            <summary>
            Controle si le responsable a le droit de se connecter
            </summary>
            <param name="responsable">responsable qui souhaite se connecter</param>
            <returns>vrai ou faux</returns>
        </member>
        <member name="T:mediatek86.dal.ServiceAccess">
            <summary>
            Classe permettant de gérer les demandes concernant les services
            </summary>
        </member>
        <member name="F:mediatek86.dal.ServiceAccess.access">
            <summary>
            Instance unique de l'accès aux données
            </summary>
        </member>
        <member name="M:mediatek86.dal.ServiceAccess.#ctor">
            <summary>
            Constructeur pour créer l'accès aux données
            </summary>
        </member>
        <member name="M:mediatek86.dal.ServiceAccess.GetLesServices">
            <summary>
            Récupère et retourne les services
            </summary>
            <returns>liste des services</returns>
        </member>
        <member name="T:mediatek86.model.NamespaceDoc">
            <summary>
            Package model
            </summary>
        </member>
        <member name="T:mediatek86.model.Absence">
            <summary>
            Classe traitant l'ensemble des absences de la base de données mediatek86 et leurs champs.
            </summary>
        </member>
        <member name="M:mediatek86.model.Absence.#ctor(System.Int32,System.DateTime,System.DateTime,mediatek86.model.Motif)">
            <summary>
            Valorise les propriétés
            </summary>
            <param name="idpersonnel">identifiant du personnel de l'absence</param>
            <param name="datedebut">date de début de l'absence</param>
            <param name="datefin">date de fin de l'absence</param>
            <param name="motif">motif de l'absence</param>
        </member>
        <member name="T:mediatek86.model.Motif">
            <summary>
            Classe traitant l'ensemble des motifs de la base de données mediatek86 et leurs champs.
            </summary>
        </member>
        <member name="M:mediatek86.model.Motif.#ctor(System.Int32,System.String)">
            <summary>
            Valorise les propriétés
            </summary>
            <param name="idmotif">identifiant du motif</param>
            <param name="libelle">libelle du motif</param>
        </member>
        <member name="M:mediatek86.model.Motif.ToString">
            <summary>
            Définit l'information à afficher (juste le libelle)
            </summary>
            <returns>nom du profil</returns>
        </member>
        <member name="T:mediatek86.model.Personnel">
            <summary>
            Classe traitant l'ensemble du personnel de la base de données mediatek86 et ses champs.
            </summary>
        </member>
        <member name="M:mediatek86.model.Personnel.#ctor(System.Int32,System.String,System.String,System.String,System.String,mediatek86.model.Service)">
            <summary>
            Valorise les propriétés
            </summary>
            <param name="idpersonnel">identifiant du personnel</param>
            <param name="nom">nom du personnel</param>
            <param name="prenom">prénom du personnel</param>
            <param name="tel">téléphone du personnel</param>
            <param name="mail">mail du personnel</param>
            <param name="service">service du personnel</param>
        </member>
        <member name="T:mediatek86.model.Responsable">
            <summary>
            Classe métier interne pour mémoriser les informations de connexion
            </summary>
        </member>
        <member name="M:mediatek86.model.Responsable.#ctor(System.String,System.String)">
            <summary>
            Valorise les propriétés
            </summary>
            <param name="login">login du responsable</param>
            <param name="pwd">mot de passe du responsable</param>
        </member>
        <member name="T:mediatek86.model.Service">
            <summary>
            Classe traitant l'ensemble des services de la base de données mediatek86 et leurs champs.
            </summary>
        </member>
        <member name="M:mediatek86.model.Service.#ctor(System.Int32,System.String)">
            <summary>
            Valorise les propriétés
            </summary>
            <param name="idservice">identifiantdu service</param>
            <param name="nom">nom du service</param>
        </member>
        <member name="M:mediatek86.model.Service.ToString">
            <summary>
            Définit l'information à afficher (juste le nom)
            </summary>
            <returns>nom du profil</returns>
        </member>
        <member name="T:mediatek86.view.FrmConnexion">
            <summary>
            Première fenêtre de l'application permettant à l'utilisateur responsable de se connecter à l'application.
            </summary>
        </member>
        <member name="F:mediatek86.view.FrmConnexion.controller">
            <summary>
            Contrôleur de la fenêtre
            </summary>
        </member>
        <member name="M:mediatek86.view.FrmConnexion.#ctor">
            <summary>
            Méthode initialisant les composants de FrmConnexion.
            </summary>
        </member>
        <member name="M:mediatek86.view.FrmConnexion.Init">
            <summary>
            Initialisations : 
            Création du controleur
            </summary>
        </member>
        <member name="M:mediatek86.view.FrmConnexion.btnConnection_Click(System.Object,System.EventArgs)">
            <summary>
            Demande au controleur de controler l'authentification
            </summary>
            <param name="sender">sender</param>
            <param name="e">e</param>
        </member>
        <member name="F:mediatek86.view.FrmConnexion.components">
            <summary>
            Required designer variable.
            </summary>
        </member>
        <member name="M:mediatek86.view.FrmConnexion.Dispose(System.Boolean)">
            <summary>
            Clean up any resources being used.
            </summary>
            <param name="disposing">true if managed resources should be disposed; otherwise, false.</param>
        </member>
        <member name="M:mediatek86.view.FrmConnexion.InitializeComponent">
            <summary>
            Required method for Designer support - do not modify
            the contents of this method with the code editor.
            </summary>
        </member>
        <member name="T:mediatek86.view.NamespaceDoc">
            <summary>
            Package view
            </summary>
        </member>
        <member name="T:mediatek86.view.View">
            <summary>
            Classe permettant l'ajout d'une classe NamespaceDoc afin d'éviter une erreur de documentation
            </summary>
        </member>
        <member name="T:mediatek86.FrmMediatek86">
            <summary>
            Fenêtre de l'application où se déroulent les actions de l'utilisateur.
            </summary>
        </member>
        <member name="F:mediatek86.FrmMediatek86.enCoursDeModifPersonnel">
            <summary>
            Booléen pour savoir si une modification est demandée au niveau du personnel
            </summary>
        </member>
        <member name="F:mediatek86.FrmMediatek86.enCoursDeModifAbsence">
            <summary>
            Booléen pour savoir si une modification est demandée au niveau des absences
            </summary>
        </member>
        <member name="F:mediatek86.FrmMediatek86.bdgPersonnel">
            <summary>
            Objet pour gérer la liste du personnel
            </summary>
        </member>
        <member name="F:mediatek86.FrmMediatek86.bdgServices">
            <summary>
            Objet pour gérer la liste des services
            </summary>
        </member>
        <member name="F:mediatek86.FrmMediatek86.bdgAbsences">
            <summary>
            Objet pour gérer la liste des absences
            </summary>
        </member>
        <member name="F:mediatek86.FrmMediatek86.bdgMotifs">
            <summary>
            Objet pour gérer la liste des motifs
            </summary>
        </member>
        <member name="F:mediatek86.FrmMediatek86.controller">
            <summary>
            Controleur de la fenêtre
            </summary>
        </member>
        <member name="M:mediatek86.FrmMediatek86.#ctor">
            <summary>
            Construction des composants graphiques et appel des autres initialisations
            </summary>
        </member>
        <member name="M:mediatek86.FrmMediatek86.Init">
            <summary>
            Initialisations :
            Création du controleur et remplissage des listes
            </summary>
        </member>
        <member name="M:mediatek86.FrmMediatek86.RemplirListePersonnel">
            <summary>
            Affiche le personnel
            </summary>
        </member>
        <member name="M:mediatek86.FrmMediatek86.RemplirListeServices">
            <summary>
            Affiche les services
            </summary>
        </member>
        <member name="M:mediatek86.FrmMediatek86.btnEnregistrerPersonnel_Click(System.Object,System.EventArgs)">
            <summary>
            Demande d'enregistrement de l'ajout ou de la modification du personnel
            </summary>
            <param name="sender">sender</param>
            <param name="e">e</param>
        </member>
        <member name="M:mediatek86.FrmMediatek86.EnCoursDeModifPersonnel(System.Boolean)">
            <summary>
            Modification d'affichage suivant si on est en cours de modif ou d'ajout du personnel
            </summary>
            <param name="modif">modif</param>
        </member>
        <member name="M:mediatek86.FrmMediatek86.btnAnnulerPersonnel_Click(System.Object,System.EventArgs)">
            <summary>
            Annule la demande d'ajout ou de modification du personnel
            Vide les zones de saisie du personnel
            </summary>
            <param name="sender">sender</param>
            <param name="e">e</param>
        </member>
        <member name="M:mediatek86.FrmMediatek86.btnSupprimerPersonnel_Click(System.Object,System.EventArgs)">
            <summary>
            Demande de suppression du personnel
            </summary>
            <param name="sender">sender</param>
            <param name="e">e</param>
        </member>
        <member name="M:mediatek86.FrmMediatek86.btnModifPersonnel_Click(System.Object,System.EventArgs)">
            <summary>
             Demande de modification du personnel
            </summary>
            <param name="sender">sender</param>
            <param name="e">e</param>
        </member>
        <member name="M:mediatek86.FrmMediatek86.RemplirListeAbsences(System.Int32)">
            <summary>
            Affiche les absences du personnel
            </summary>
            /// <param name="idpersonnelselect">identifiant du personnel sélectionné</param>
        </member>
        <member name="M:mediatek86.FrmMediatek86.RemplirListeMotifs">
            <summary>
            Affiche les Motifs
            </summary>
        </member>
        <member name="M:mediatek86.FrmMediatek86.btnGestionAbsence_Click(System.Object,System.EventArgs)">
            <summary>
            Demande d'affichage des absences
            </summary>
            <param name="sender">sender</param>
            <param name="e">e</param>
        </member>
        <member name="M:mediatek86.FrmMediatek86.btnEnregistrerAbsence_Click(System.Object,System.EventArgs)">
            <summary>
            Demande d'enregistrement de l'ajout ou de la modification d'une absence
            </summary>
            <param name="sender">sender</param>
            <param name="e">e</param>
        </member>
        <member name="M:mediatek86.FrmMediatek86.EnCoursDeModifAbsence(System.Boolean)">
            <summary>
            Modification d'affichage suivant si on est en cours de modif ou d'ajout de l'absence
            </summary>
            <param name="modif">modif</param>
        </member>
        <member name="M:mediatek86.FrmMediatek86.btnAnnulerAbsence_Click(System.Object,System.EventArgs)">
            <summary>
            Annule la demande d'ajout ou de modification de l'absence
            Vide les zones de saisie de l'absence
            </summary>
            <param name="sender">sender</param>
            <param name="e">e</param>
        </member>
        <member name="M:mediatek86.FrmMediatek86.AbsenceChevauche(System.DateTime,System.DateTime,System.Int32,System.Nullable{System.DateTime},System.Nullable{System.DateTime})">
            <summary>
            Vérifie s'il y a une superposition d'absences pour le personnel sélectionné
            </summary>
            <param name="dateDebut"> date de début de l'absence</param>
            <param name="dateFin">date de fin de l'absence</param>
            <param name="idPersonnel">identifiant du personnel de l'absence</param>
            <param name="ancienneDateDebut">ancienne date de début de l'absence</param>
            <param name="ancienneDateFin">ancienne date de fin de l'absence</param>
            <returns>vrai ou faux</returns>
        </member>
        <member name="M:mediatek86.FrmMediatek86.btnSupprimerAbsence_Click(System.Object,System.EventArgs)">
            <summary>
            Demande de suppression d'une absence
            </summary>
            <param name="sender">sender</param>
            <param name="e">e</param>
        </member>
        <member name="M:mediatek86.FrmMediatek86.btnModifAbsence_Click(System.Object,System.EventArgs)">
            <summary>
             Demande de modification d'une absence
            </summary>
            <param name="sender">sender</param>
            <param name="e">e</param>
        </member>
        <member name="F:mediatek86.FrmMediatek86.components">
            <summary>
            Variable nécessaire au concepteur.
            </summary>
        </member>
        <member name="M:mediatek86.FrmMediatek86.Dispose(System.Boolean)">
            <summary>
            Nettoyage des ressources utilisées.
            </summary>
            <param name="disposing">true si les ressources managées doivent être supprimées ; sinon, false.</param>
        </member>
        <member name="M:mediatek86.FrmMediatek86.InitializeComponent">
            <summary>
            Méthode requise pour la prise en charge du concepteur - ne modifiez pas
            le contenu de cette méthode avec l'éditeur de code.
            </summary>
        </member>
        <member name="T:mediatek86.NamespaceDoc">
            <summary>
            Application MediaTek86
            </summary>
        </member>
        <member name="T:mediatek86.Program">
            <summary>
            Classe servant de point d'entrée principal de l'application.
            </summary>
        </member>
        <member name="M:mediatek86.Program.Main">
            <summary>
            Point d'entrée principal de l'application.
            </summary>
        </member>
        <member name="T:mediatek86.Properties.Resources">
            <summary>
              Une classe de ressource fortement typée destinée, entre autres, à la consultation des chaînes localisées.
            </summary>
        </member>
        <member name="P:mediatek86.Properties.Resources.ResourceManager">
            <summary>
              Retourne l'instance ResourceManager mise en cache utilisée par cette classe.
            </summary>
        </member>
        <member name="P:mediatek86.Properties.Resources.Culture">
            <summary>
              Remplace la propriété CurrentUICulture du thread actuel pour toutes
              les recherches de ressources à l'aide de cette classe de ressource fortement typée.
            </summary>
        </member>
    </members>
</doc>
